chrom	start	end	width	strand	baseMean	log2FoldChange	lfcSE	stat	pvalue	padj
chr1	112032193	112032801	609	*	102.95912	2.6735670	0.28000382	9.548323	1.318123e-21	6.084719e-17
chr2	218770056	218770946	891	*	680.23285	0.6773967	0.09082653	7.458137	8.775471e-14	3.682666e-10
chr20	33893356	33894004	649	*	216.43495	-1.1309187	0.15660621	-7.221416	5.144891e-13	1.484365e-09
chr6	35695408	35696295	888	*	47.31442	2.6181967	0.37254367	7.027892	2.096771e-12	4.839556e-09
chr11	73362985	73364099	1115	*	582.58132	0.7342305	0.12255750	5.990906	2.086748e-09	2.094097e-06
chr19	14945880	14946398	519	*	33.68990	2.5039807	0.42040032	5.956182	2.581989e-09	2.483121e-06
chr2	218768613	218769009	397	*	142.90808	1.1761481	0.20218088	5.817306	5.980343e-09	5.112307e-06
chr17	2277853	2279255	1403	*	314.16595	0.8460312	0.15370805	5.504143	3.709673e-08	2.167670e-05
chr11	85430050	85430696	647	*	58.82864	-1.5815871	0.31109646	-5.083912	3.697388e-07	1.387633e-04
chrY	10037739	10037916	178	*	505.43256	-0.7233744	0.14279940	-5.065669	4.069696e-07	1.490994e-04
chr2	73867586	73868404	819	*	62.54381	1.8001304	0.36342634	4.953219	7.299557e-07	2.307960e-04
chr2	238499502	238500629	1128	*	187.98040	0.9050672	0.18497610	4.892887	9.936727e-07	2.882363e-04
chr21	30517657	30518340	684	*	57.27116	-1.4856333	0.30369704	-4.891827	9.990427e-07	2.882363e-04
chr2	88382198	88382922	725	*	104.63010	1.1963271	0.24621016	4.858967	1.179996e-06	3.281384e-04
chr1	210612227	210612996	770	*	122.90778	-1.0114946	0.22358039	-4.524075	6.066007e-06	1.155063e-03
chr20	48883245	48884524	1280	*	169.24200	0.9018259	0.20087064	4.489585	7.136193e-06	1.302059e-03
chr7	45146864	45147440	577	*	113.52129	1.8989130	0.43215412	4.394064	1.112509e-05	1.826551e-03
chr6	35656327	35657092	766	*	43.03787	1.5580512	0.35783611	4.354092	1.336199e-05	2.126952e-03
chr13	111522336	111523062	727	*	74.81979	-1.3211909	0.30394901	-4.346752	1.381684e-05	2.191797e-03
chr7	29519103	29519895	793	*	77.39316	1.2602884	0.29171353	4.320295	1.558211e-05	2.397671e-03
chr7	158611053	158611788	736	*	155.92048	-0.8158356	0.19149823	-4.260277	2.041733e-05	2.924299e-03
chr3	189840017	189840606	590	*	19.88711	-2.3550094	0.55284594	-4.259793	2.046160e-05	2.924299e-03
chr3	73673171	73674714	1544	*	214.68814	-0.6705596	0.15761964	-4.254290	2.097138e-05	2.960492e-03
chr12	56358987	56360175	1189	*	106.15917	1.0276855	0.24466165	4.200435	2.664021e-05	3.493652e-03
chr8	37552477	37553367	891	*	262.36712	0.6517946	0.15606697	4.176377	2.961884e-05	3.766570e-03
chr12	2749720	2750238	519	*	21.96380	-2.0853063	0.50381672	-4.139018	3.487960e-05	4.223293e-03
chr21	26946137	26946506	370	*	36.66116	-2.5588069	0.61896639	-4.134000	3.565039e-05	4.264595e-03
chr9	706615	707477	863	*	138.60505	0.9376637	0.22682092	4.133938	3.565993e-05	4.264595e-03
chr1	223888703	223889283	581	*	42.63545	-1.4498685	0.35309351	-4.106189	4.022411e-05	4.642320e-03
chr17	47922445	47923102	658	*	29.96248	-1.6192664	0.40211672	-4.026857	5.652745e-05	5.957580e-03
chr1	33168413	33169962	1550	*	137.57426	-0.7824846	0.19654420	-3.981214	6.856415e-05	6.719869e-03
chr20	17539149	17539776	628	*	48.10776	-1.6903499	0.42740256	-3.954936	7.655504e-05	7.255144e-03
chr21	27512293	27512980	688	*	107.89004	-0.9067658	0.23158215	-3.915525	9.020753e-05	8.229565e-03
chr16	3070236	3072591	2356	*	107.32588	-0.8837787	0.22632859	-3.904848	9.428476e-05	8.484158e-03
chr20	26188704	26190366	1663	*	1204.21233	-0.3877502	0.09953203	-3.895733	9.790230e-05	8.758461e-03
chr2	208393821	208395165	1345	*	280.09204	0.5519822	0.14194673	3.888657	1.008003e-04	8.897023e-03
chr1	9497896	9499021	1126	*	120.02890	1.1029969	0.28406261	3.882936	1.032029e-04	9.022823e-03
chr19	35605516	35606717	1202	*	507.39157	0.5082114	0.13241969	3.837884	1.240989e-04	1.034572e-02
chr3	64172716	64173767	1052	*	370.29155	-0.5340608	0.13924993	-3.835268	1.254276e-04	1.037632e-02
chr5	149491919	149492547	629	*	35.80385	-1.6554090	0.43694113	-3.788632	1.514794e-04	1.195315e-02
chr3	64673427	64673939	513	*	133.69424	-0.7191276	0.19171094	-3.751103	1.760580e-04	1.319349e-02
chr15	72520806	72521139	334	*	22.79727	-1.9047919	0.50852520	-3.745718	1.798787e-04	1.343407e-02
chr21	37948834	37949279	446	*	17.84276	-1.9303124	0.51876828	-3.720953	1.984723e-04	1.425454e-02
chr15	31393872	31395337	1466	*	162.62948	0.7808860	0.21099422	3.700983	2.147659e-04	1.506551e-02
chr17	43393835	43395104	1270	*	237.63451	0.5236936	0.14190803	3.690373	2.239255e-04	1.549752e-02
chr7	64498186	64499236	1051	*	203.22150	0.6258259	0.17021255	3.676732	2.362413e-04	1.606093e-02
chr2	29446713	29447494	782	*	177.38454	0.6512281	0.17865471	3.645178	2.672073e-04	1.746587e-02
chr11	9779605	9781812	2208	*	151.84979	-0.6953721	0.19276899	-3.607282	3.094211e-04	1.940693e-02
chr8	144918177	144918969	793	*	335.02598	0.4722986	0.13098509	3.605743	3.112610e-04	1.944307e-02
chr8	17940763	17942563	1801	*	123.21896	0.7672404	0.21300130	3.602045	3.157232e-04	1.952620e-02
chr11	66103037	66104548	1512	*	131.84821	-0.7551989	0.20982576	-3.599172	3.192325e-04	1.959629e-02
chr19	39970229	39971584	1356	*	394.30576	0.5734141	0.16080731	3.565846	3.626844e-04	2.132769e-02
chr3	40557623	40558224	602	*	23.62069	-1.5700610	0.44037101	-3.565314	3.634207e-04	2.134380e-02
chr3	49842936	49844559	1624	*	135.61174	0.8105765	0.22774099	3.559204	3.719812e-04	2.165660e-02
chr1	156096808	156097256	449	*	77.98522	-1.0459408	0.29534988	-3.541362	3.980671e-04	2.257442e-02
chr11	89795568	89796081	514	*	17.65333	-2.4233789	0.68478584	-3.538886	4.018195e-04	2.270354e-02
chr1	160175016	160176815	1800	*	76.62209	-0.8388796	0.23831529	-3.520041	4.314798e-04	2.409915e-02
chr11	16813088	16813578	491	*	45.38372	-1.2994416	0.37026608	-3.509480	4.489831e-04	2.479181e-02
chr17	75447209	75448257	1049	*	197.31622	0.5635291	0.16196876	3.479246	5.028270e-04	2.681439e-02
chr8	66546093	66546733	641	*	220.83840	0.5277440	0.15205185	3.470816	5.188790e-04	2.740560e-02
chr11	49080036	49080554	519	*	17.72413	-2.1712008	0.62589667	-3.468945	5.225073e-04	2.756569e-02
chr20	50178846	50180763	1918	*	187.33461	-0.5515750	0.15943260	-3.459613	5.409529e-04	2.801021e-02
chr17	8055693	8056001	309	*	93.33644	0.9018151	0.26073083	3.458798	5.425926e-04	2.804833e-02
chr9	130341100	130342100	1001	*	48.61058	-1.2443351	0.36224019	-3.435110	5.923123e-04	2.952734e-02
chr2	28614597	28615979	1383	*	219.47973	-0.5228232	0.15226279	-3.433690	5.954246e-04	2.961852e-02
chr7	130597829	130598582	754	*	187.58927	-0.6863546	0.20018439	-3.428612	6.066757e-04	2.993744e-02
chr6	108910308	108910913	606	*	33.10442	1.2403507	0.36333687	3.413776	6.406921e-04	3.096924e-02
chr8	133071782	133072195	414	*	88.73448	1.2150386	0.35792704	3.394654	6.871531e-04	3.252072e-02
chr15	28982695	28983629	935	*	21.70177	-1.8958055	0.55849612	-3.394483	6.875834e-04	3.252072e-02
chr12	110010949	110011659	711	*	155.99386	0.6275016	0.18518507	3.388511	7.027331e-04	3.296704e-02
chr14	52327197	52327840	644	*	44.98286	-1.2198228	0.36043819	-3.384277	7.136587e-04	3.334758e-02
chr11	94882768	94883584	817	*	131.63649	0.7556134	0.22327791	3.384183	7.139034e-04	3.334758e-02
chr7	106808808	106810492	1685	*	675.46125	0.3560977	0.10587445	3.363396	7.698995e-04	3.530522e-02
chr1	158969230	158969991	762	*	82.35656	0.9034792	0.26876350	3.361614	7.748828e-04	3.540601e-02
chr11	73471317	73472695	1379	*	647.56422	0.3261089	0.09720084	3.355001	7.936477e-04	3.589517e-02
chr17	7218053	7219006	954	*	68.00104	0.9721804	0.29327723	3.314885	9.168070e-04	3.886285e-02
chr1	161676046	161676920	875	*	41.26851	-1.1167911	0.33807190	-3.303413	9.551562e-04	3.990050e-02
chr7	55756677	55757639	963	*	242.35326	0.6861330	0.20927102	3.278682	1.042932e-03	4.210280e-02
chr7	75932625	75933275	651	*	81.97623	0.8387169	0.25729853	3.259703	1.115288e-03	4.392825e-02
chr3	167966949	167968082	1134	*	68.76800	-0.9218746	0.28316415	-3.255619	1.131454e-03	4.422538e-02
chr2	240116445	240118065	1621	*	194.62466	0.5900344	0.18190783	3.243590	1.180336e-03	4.559555e-02
chr1	222649801	222650475	675	*	19.21040	-2.2562537	0.69785695	-3.233118	1.224471e-03	4.694686e-02
chr3	48601162	48601778	617	*	84.00586	-0.8485785	0.26253857	-3.232205	1.228388e-03	4.700110e-02
chr1	46268429	46269696	1268	*	115.02742	-0.7294763	0.22571668	-3.231823	1.230032e-03	4.700110e-02
chr9	95004338	95005046	709	*	60.37413	1.1517420	0.35682630	3.227739	1.247730e-03	4.732760e-02
chr3	131100156	131101039	884	*	596.20339	0.3611007	0.11212356	3.220561	1.279401e-03	4.833037e-02
chr6	158447138	158447911	774	*	16.27556	-2.2890224	0.71187492	-3.215484	1.302248e-03	4.875455e-02
chr17	10017807	10018867	1061	*	139.44509	-0.6346606	0.19853167	-3.196773	1.389744e-03	5.091536e-02
chr12	12764367	12765648	1282	*	207.21794	0.5095653	0.16005613	3.183666	1.454225e-03	5.244528e-02
chr11	8692783	8693328	546	*	12.68103	-2.0363361	0.64035990	-3.179987	1.472817e-03	5.295029e-02
chr17	19209404	19209926	523	*	21.96793	-1.6691019	0.52579679	-3.174424	1.501342e-03	5.364161e-02
chr12	118490184	118490732	549	*	37.15558	-1.2904135	0.40743647	-3.167153	1.539395e-03	5.445330e-02
chr6	395957	397271	1315	*	63.72266	1.3545216	0.42807227	3.164236	1.554908e-03	5.487281e-02
chr3	67048131	67049187	1057	*	1129.01440	0.2490227	0.07879685	3.160312	1.576000e-03	5.535509e-02
chr12	95867302	95868319	1018	*	180.16799	0.5801413	0.18379039	3.156538	1.596542e-03	5.574852e-02
chr1	231114216	231115003	788	*	223.40206	0.5326269	0.16940200	3.144160	1.665645e-03	5.699739e-02
chr21	37092495	37093627	1133	*	53.17438	-0.9823002	0.31287299	-3.139613	1.691710e-03	5.729661e-02
chr4	119273822	119274530	709	*	40.96496	-1.3445296	0.42886619	-3.135080	1.718075e-03	5.795360e-02
chr3	11609691	11610734	1044	*	80.75835	-0.8858249	0.28460085	-3.112517	1.854995e-03	6.088304e-02
chr18	74728983	74729369	387	*	37.44281	1.2748407	0.41012295	3.108435	1.880808e-03	6.144960e-02
chr18	55710809	55712028	1220	*	147.58036	0.6135083	0.19759031	3.104951	1.903105e-03	6.166995e-02
chr1	225887654	225888519	866	*	52.23251	-1.0796346	0.34976248	-3.086765	2.023475e-03	6.396499e-02
chr12	50505444	50506343	900	*	311.14699	0.3790773	0.12369846	3.064527	2.180144e-03	6.687030e-02
chr3	93562428	93563405	978	*	188.30058	-0.6222079	0.20317068	-3.062489	2.195048e-03	6.701573e-02
chr21	44298902	44299973	1072	*	125.62261	0.7342298	0.24089030	3.047984	2.303823e-03	6.896827e-02
chr12	120983763	120984255	493	*	21.25929	2.1855835	0.71767064	3.045385	2.323826e-03	6.915908e-02
chr1	32264133	32264702	570	*	19.70264	-1.5964319	0.52449054	-3.043776	2.336288e-03	6.931089e-02
chr2	158695043	158695665	623	*	21.45462	-1.7275040	0.56799097	-3.041429	2.354583e-03	6.971923e-02
chr18	77438901	77439981	1081	*	191.66120	0.5088215	0.16739295	3.039683	2.368275e-03	6.976980e-02
chr11	65149588	65150452	865	*	169.85216	-0.5514962	0.18168774	-3.035407	2.402116e-03	7.040412e-02
chr17	40118520	40119854	1335	*	95.43656	0.7402740	0.24492407	3.022463	2.507266e-03	7.214361e-02
chr3	69128975	69129667	693	*	225.80034	0.4650448	0.15393866	3.020975	2.519625e-03	7.233268e-02
chr1	159923908	159924383	476	*	40.69620	-1.0028971	0.33211709	-3.019709	2.530174e-03	7.246261e-02
chr4	124317816	124318031	216	*	17.21274	3.0108610	0.99789646	3.017208	2.551148e-03	7.292018e-02
chr18	24236016	24237330	1315	*	65.45128	0.9763360	0.32498946	3.004208	2.662730e-03	7.516315e-02
chr15	69714679	69715260	582	*	54.75055	0.9503109	0.31662939	3.001335	2.687985e-03	7.531372e-02
chr7	66093078	66094288	1211	*	589.74264	0.3054382	0.10197727	2.995159	2.743015e-03	7.631884e-02
chr17	14204090	14204557	468	*	53.05581	-1.0703240	0.35808529	-2.989020	2.798739e-03	7.717079e-02
chr3	128902332	128903340	1009	*	142.59761	0.5479928	0.18334480	2.988865	2.800162e-03	7.717079e-02
chr11	113576742	113577443	702	*	116.32746	0.6234407	0.20877759	2.986148	2.825160e-03	7.761155e-02
chr4	66536012	66536665	654	*	96.61674	0.8426909	0.28224340	2.985689	2.829407e-03	7.764110e-02
chr8	6692012	6693308	1297	*	39.88205	-1.3920888	0.46661912	-2.983351	2.851105e-03	7.783130e-02
chr12	48213018	48215017	2000	*	65.25866	-0.7538742	0.25275326	-2.982649	2.857657e-03	7.787415e-02
chr19	55972470	55973777	1308	*	212.76317	0.4552744	0.15275085	2.980503	2.877754e-03	7.818886e-02
chr20	43594786	43595507	722	*	93.70846	0.6696719	0.22487328	2.977997	2.901392e-03	7.864236e-02
chr20	5156365	5156795	431	*	25.82775	1.4751972	0.49559907	2.976594	2.914696e-03	7.875184e-02
chr19	45408666	45409585	920	*	25.60707	1.3976487	0.46957167	2.976433	2.916226e-03	7.875184e-02
chr17	71306677	71308651	1975	*	310.10450	0.4322439	0.14561283	2.968446	2.993093e-03	7.993418e-02
chr10	73619747	73620970	1224	*	200.96855	-0.4953162	0.16688432	-2.968021	2.997238e-03	7.997601e-02
chr1	70876313	70877288	976	*	240.07212	0.4567413	0.15426647	2.960730	3.069113e-03	8.112791e-02
chr3	41276400	41277070	671	*	27.30366	1.4483880	0.48976497	2.957312	3.103335e-03	8.170131e-02
chr19	49370569	49371455	887	*	133.54705	0.5726660	0.19412000	2.950062	3.177105e-03	8.265189e-02
chr12	19426599	19427314	716	*	44.62004	-1.0980930	0.37308812	-2.943254	3.247820e-03	8.374001e-02
chr1	150669542	150670114	573	*	108.42845	0.7157063	0.24415214	2.931395	3.374439e-03	8.526095e-02
chr12	54019615	54020364	750	*	180.49863	0.5081861	0.17354564	2.928256	3.408691e-03	8.579717e-02
chrX	51635314	51636826	1513	*	109.11679	0.6775239	0.23148620	2.926844	3.424209e-03	8.599436e-02
chr9	139964767	139965674	908	*	71.42309	-0.7497008	0.25661863	-2.921459	3.483961e-03	8.688634e-02
chr20	523900	524851	952	*	136.57299	0.5851344	0.20044730	2.919144	3.509945e-03	8.729886e-02
chr6	111408413	111409024	612	*	24.88606	1.5218092	0.52197689	2.915472	3.551506e-03	8.785885e-02
chr2	106226092	106226532	441	*	51.13568	1.0231431	0.35099064	2.915015	3.556710e-03	8.794046e-02
chr12	32831974	32832880	907	*	326.29272	0.3922877	0.13463538	2.913704	3.571682e-03	8.821615e-02
chr2	18741261	18742160	900	*	201.83441	0.5226549	0.17953562	2.911149	3.601025e-03	8.842759e-02
chr20	45985354	45987039	1686	*	339.13412	0.3747809	0.12880834	2.909601	3.618907e-03	8.861492e-02
chr2	85829327	85830410	1084	*	220.74857	0.4616975	0.15868128	2.909590	3.619030e-03	8.861492e-02
chr1	17222079	17223490	1412	*	1007.95506	-0.8635167	0.29712324	-2.906258	3.657799e-03	8.929209e-02
chr8	80679781	80680933	1153	*	240.79381	0.5457782	0.18790752	2.904504	3.678353e-03	8.959710e-02
chr4	109089730	109090615	886	*	145.04464	0.6678954	0.23070682	2.894996	3.791628e-03	9.130367e-02
chr7	75368241	75369188	948	*	514.56617	0.3360224	0.11631971	2.888783	3.867358e-03	9.267526e-02
chr8	12612611	12613647	1037	*	77.19171	0.8166706	0.28319242	2.883801	3.929068e-03	9.344340e-02
chr17	7482346	7483143	798	*	209.66683	-0.5130859	0.17798437	-2.882758	3.942102e-03	9.370511e-02
chr2	197124485	197125177	693	*	39.81532	-1.4432278	0.50079655	-2.881864	3.953298e-03	9.387456e-02
chr2	192036187	192037059	873	*	45.70508	-0.9815866	0.34075814	-2.880596	3.969238e-03	9.401127e-02
chr2	54755364	54756312	949	*	34.57668	1.5407906	0.53560201	2.876745	4.017997e-03	9.477710e-02
chr12	56476566	56477376	811	*	324.32333	0.3657755	0.12717141	2.876240	4.024439e-03	9.485488e-02
chr1	169454612	169455567	956	*	310.11970	0.4075214	0.14177997	2.874323	4.048952e-03	9.508318e-02
chr1	212458069	212459246	1178	*	282.23488	0.4329940	0.15064438	2.874279	4.049511e-03	9.508318e-02
chr1	68297571	68298093	523	*	116.09664	0.7034889	0.24489778	2.872582	4.071325e-03	9.517573e-02
chr6	170190157	170190930	774	*	24.50495	-1.4968198	0.52108087	-2.872529	4.072009e-03	9.517573e-02
chr8	28347687	28348352	666	*	52.71796	0.9122921	0.31778787	2.870758	4.094889e-03	9.536589e-02
chr3	119012621	119015079	2459	*	235.96971	0.5871549	0.20493256	2.865113	4.168604e-03	9.636009e-02
chr2	87754681	87755252	572	*	22.87692	-1.6993174	0.59368508	-2.862321	4.205504e-03	9.692187e-02
chrX	118602098	118603430	1333	*	86.30771	0.7286622	0.25525460	2.854649	4.308445e-03	9.807025e-02
chr7	140714429	140715196	768	*	144.68523	0.5550624	0.19458936	2.852481	4.337946e-03	9.830549e-02
chr1	236045972	236047405	1434	*	75.50507	-0.8598769	0.30179852	-2.849175	4.383271e-03	9.899243e-02
chr8	12668718	12669609	892	*	91.64730	0.7668524	0.26918985	2.848742	4.389249e-03	9.907897e-02
chr19	42806229	42807058	830	*	49.56956	0.9081868	0.31957765	2.841835	4.485474e-03	1.004650e-01
chr17	61919916	61920724	809	*	144.70726	0.5747764	0.20230048	2.841201	4.494394e-03	1.006160e-01
chr4	113738977	113739851	875	*	264.97859	-0.4493191	0.15818050	-2.840547	4.503626e-03	1.006762e-01
chr6	126070217	126071111	895	*	87.54138	0.7123432	0.25090881	2.839052	4.524774e-03	1.010511e-01
chr11	67572565	67573681	1117	*	316.05001	0.4053148	0.14305407	2.833298	4.607040e-03	1.022385e-01
chr17	47865770	47866759	990	*	376.54106	0.3376007	0.11935029	2.828654	4.674416e-03	1.028996e-01
chr20	45034563	45035688	1126	*	327.84456	0.3657611	0.12938897	2.826834	4.701069e-03	1.031953e-01
chr16	56642031	56642615	585	*	95.33239	0.6964727	0.24746023	2.814483	4.885574e-03	1.057901e-01
chr1	161591182	161591721	540	*	23.20201	2.0956814	0.74619734	2.808481	4.977575e-03	1.069000e-01
chr15	89089451	89090075	625	*	165.99662	0.5238068	0.18722103	2.797799	5.145212e-03	1.091012e-01
chr11	74699466	74700317	852	*	145.06630	0.5930560	0.21209800	2.796142	5.171675e-03	1.094540e-01
chr1	109940261	109941072	812	*	132.67732	0.5572741	0.19955038	2.792649	5.227843e-03	1.100947e-01
chr7	148725383	148726273	891	*	696.59436	0.2970337	0.10647617	2.789673	5.276132e-03	1.106573e-01
chr19	8272950	8274335	1386	*	142.41657	0.5497679	0.19712735	2.788897	5.288783e-03	1.108220e-01
chr2	176032310	176033486	1177	*	405.77099	0.3193331	0.11461379	2.786166	5.333554e-03	1.113054e-01
chr17	79608991	79609887	897	*	125.80764	0.5815003	0.20900203	2.782271	5.397993e-03	1.122286e-01
chr7	150929303	150930531	1229	*	104.36501	0.6456924	0.23248513	2.777349	5.480429e-03	1.131429e-01
chr6	71012744	71013216	473	*	55.83207	1.5429301	0.55618909	2.774111	5.535284e-03	1.136964e-01
chr8	67686602	67687846	1245	*	157.75374	0.5941467	0.21483864	2.765549	5.682712e-03	1.156128e-01
chr2	217363162	217364048	887	*	64.73961	0.8342090	0.30187163	2.763456	5.719279e-03	1.161326e-01
chr13	97793790	97794163	374	*	23.27611	-1.3827452	0.50088537	-2.760602	5.769491e-03	1.168005e-01
chr17	47841322	47841919	598	*	487.19560	0.3223554	0.11677866	2.760397	5.773122e-03	1.168005e-01
chr16	70472638	70473524	887	*	111.45697	0.6180959	0.22418714	2.757053	5.832486e-03	1.173310e-01
chr1	151812001	151812871	871	*	190.08263	0.5923645	0.21495092	2.755813	5.854647e-03	1.174956e-01
chrX	55515680	55516709	1030	*	48.05861	0.9311353	0.33819210	2.753273	5.900261e-03	1.181639e-01
chr11	694841	696075	1235	*	218.63188	0.5878269	0.21390704	2.748049	5.995112e-03	1.191332e-01
chr2	43453300	43455056	1757	*	318.09955	0.3583259	0.13061658	2.743342	6.081740e-03	1.201821e-01
chr21	31744526	31745152	627	*	37.38032	1.1543357	0.42127102	2.740126	6.141561e-03	1.207287e-01
chr11	6494764	6495705	942	*	127.69673	0.5648446	0.20624179	2.738749	6.167339e-03	1.209860e-01
chr11	68227456	68228524	1069	*	160.58290	0.4783056	0.17490114	2.734720	6.243341e-03	1.218838e-01
chr11	70116160	70117441	1282	*	279.13467	0.3839584	0.14059606	2.730933	6.315528e-03	1.227009e-01
chr12	27676347	27677563	1217	*	167.37350	0.5221964	0.19146643	2.727352	6.384486e-03	1.236763e-01
chr20	25677019	25677733	715	*	274.04962	0.4286383	0.15759749	2.719829	6.531563e-03	1.253680e-01
chr7	92157030	92158340	1311	*	368.55665	0.3385094	0.12456531	2.717525	6.577218e-03	1.260347e-01
chr8	64080587	64081721	1135	*	228.95863	0.4330292	0.15956656	2.713784	6.651945e-03	1.269397e-01
chr20	17661819	17663493	1675	*	328.67205	0.4377060	0.16140204	2.711899	6.689906e-03	1.274533e-01
chr1	32712226	32713097	872	*	83.12289	0.6629367	0.24454812	2.710864	6.710815e-03	1.277989e-01
chr1	185286150	185287009	860	*	151.99226	0.5832807	0.21521683	2.710200	6.724259e-03	1.280001e-01
chr5	34007772	34008601	830	*	217.50426	0.4487538	0.16578992	2.706762	6.794299e-03	1.286986e-01
chr4	73177792	73178302	511	*	24.38936	-1.1826711	0.43716248	-2.705335	6.823545e-03	1.288296e-01
chr18	22931775	22932517	743	*	76.53372	0.7393510	0.27337540	2.704526	6.840185e-03	1.290382e-01
chr6	30654446	30655451	1006	*	87.02441	-0.6428980	0.23787178	-2.702708	6.877709e-03	1.294816e-01
chr15	91203747	91204289	543	*	40.67729	-1.0078300	0.37368492	-2.697005	6.996625e-03	1.304966e-01
chr6	43026925	43027786	862	*	56.72851	0.8651794	0.32113034	2.694169	7.056437e-03	1.310136e-01
chr4	6988070	6989295	1226	*	54.44893	0.8303599	0.30827097	2.693604	7.068413e-03	1.310136e-01
chr11	73018183	73019541	1359	*	581.66014	0.2945895	0.10939484	2.692901	7.083325e-03	1.311603e-01
chr7	128784422	128785339	918	*	22.61934	1.4467625	0.53725095	2.692899	7.083373e-03	1.311603e-01
chr2	101178875	101180011	1137	*	355.08696	0.3299705	0.12255792	2.692364	7.094743e-03	1.311604e-01
chr7	128864311	128865509	1199	*	530.66787	0.2880780	0.10708495	2.690182	7.141312e-03	1.315472e-01
chr6	132833789	132834575	787	*	72.73277	0.7079849	0.26347268	2.687128	7.206923e-03	1.322602e-01
chr17	63557164	63558104	941	*	89.57750	0.6294968	0.23427082	2.687047	7.208670e-03	1.322602e-01
chr11	44586273	44587227	955	*	279.44867	0.4136690	0.15419246	2.682809	7.300662e-03	1.334177e-01
chr7	138144455	138145559	1105	*	501.12011	0.3283902	0.12261349	2.678255	7.400689e-03	1.347655e-01
chr2	39740657	39741311	655	*	49.21247	-0.8754993	0.32695909	-2.677703	7.412894e-03	1.348211e-01
chr15	75742736	75743551	816	*	184.12993	0.4805094	0.17951342	2.676733	7.434395e-03	1.350596e-01
chr1	231663899	231664691	793	*	99.79229	0.6335886	0.23678709	2.675774	7.455700e-03	1.353934e-01
chr7	72349556	72350760	1205	*	127.41997	0.5968658	0.22331658	2.672734	7.523594e-03	1.360718e-01
chr6	30593941	30594883	943	*	67.53488	-0.7193570	0.26914701	-2.672729	7.523698e-03	1.360718e-01
chr12	56360305	56360847	543	*	59.84313	0.8197899	0.30687339	2.671427	7.552944e-03	1.363458e-01
chr2	30369231	30370030	800	*	202.22454	0.4322434	0.16185588	2.670545	7.572818e-03	1.365533e-01
chr12	9600059	9601091	1033	*	81.05063	0.7268951	0.27237826	2.668697	7.614604e-03	1.368790e-01
chr9	34048773	34049607	835	*	113.95668	0.6252477	0.23436501	2.667837	7.634127e-03	1.370698e-01
chr19	16222103	16222820	718	*	185.34556	0.4945807	0.18542986	2.667212	7.648350e-03	1.372718e-01
chr7	128431023	128431987	965	*	82.05693	0.6767182	0.25403143	2.663915	7.723698e-03	1.381408e-01
chr2	224903334	224904529	1196	*	89.66373	-0.6931915	0.26046681	-2.661343	7.782966e-03	1.387707e-01
chr12	77157463	77158398	936	*	202.30674	0.4322302	0.16244709	2.660744	7.796811e-03	1.389102e-01
chr20	18447394	18448264	871	*	124.47009	0.5455886	0.20524459	2.658236	7.855084e-03	1.396251e-01
chr19	42579909	42580567	659	*	252.41156	0.3690534	0.13889091	2.657146	7.880526e-03	1.397008e-01
chr2	216877989	216878602	614	*	82.59593	0.7208081	0.27206135	2.649432	8.062712e-03	1.413562e-01
chr15	89764785	89765366	582	*	120.54520	0.7268469	0.27448315	2.648057	8.095598e-03	1.417972e-01
chr17	8533890	8534899	1010	*	450.93803	0.3379183	0.12765854	2.647048	8.119773e-03	1.417972e-01
chr5	43120815	43122117	1303	*	371.62851	0.3563535	0.13462429	2.647022	8.120397e-03	1.417972e-01
chr1	9970122	9971016	895	*	366.59787	0.3479275	0.13152035	2.645427	8.158794e-03	1.422261e-01
chr17	20058995	20059972	978	*	140.72957	0.5637029	0.21311211	2.645100	8.166678e-03	1.422261e-01
chr11	2950614	2951049	436	*	19.20947	-1.5643060	0.59365479	-2.635043	8.412660e-03	1.444189e-01
chr1	45477558	45478653	1096	*	62.82111	0.7433079	0.28209895	2.634919	8.415730e-03	1.444189e-01
chr1	42921526	42922688	1163	*	51.33202	0.9684740	0.36791120	2.632358	8.479447e-03	1.451347e-01
chr6	27840931	27841647	717	*	21.35289	-1.6633714	0.63200608	-2.631892	8.491097e-03	1.451726e-01
chr11	111797403	111798243	841	*	144.81704	0.5284329	0.20092083	2.630055	8.537094e-03	1.455816e-01
chr1	20987635	20988471	837	*	213.97362	0.4618371	0.17562074	2.629741	8.544985e-03	1.456623e-01
chr5	87564302	87565129	828	*	44.76458	0.9703148	0.36929107	2.627507	8.601314e-03	1.461312e-01
chr19	4065353	4066293	941	*	118.05216	0.6344741	0.24152189	2.626984	8.614540e-03	1.461312e-01
chr15	83478026	83479288	1263	*	112.12310	0.6156919	0.23444107	2.626212	8.634107e-03	1.461312e-01
chr7	99216408	99216769	362	*	19.79628	-1.4824576	0.56467722	-2.625319	8.656791e-03	1.462803e-01
chr11	102297630	102298232	603	*	45.26067	0.9343624	0.35597773	2.624778	8.670557e-03	1.462803e-01
chr17	19280934	19282031	1098	*	481.28586	0.2768852	0.10560800	2.621821	8.746148e-03	1.465945e-01
chr1	209824596	209824862	267	*	24.26625	-1.4712773	0.56132111	-2.621097	8.764721e-03	1.467526e-01
chr1	192777640	192778605	966	*	118.99009	0.5921251	0.22593405	2.620787	8.772696e-03	1.468329e-01
chr15	76195868	76196867	1000	*	80.36515	0.7032616	0.26849064	2.619315	8.810648e-03	1.471480e-01
chr9	134322492	134322884	393	*	39.28161	-1.0099047	0.38567456	-2.618541	8.830662e-03	1.473756e-01
chr1	156470273	156471319	1047	*	176.59308	0.4276970	0.16360932	2.614136	8.945347e-03	1.485378e-01
chr10	103824708	103825861	1154	*	189.09145	0.5399272	0.20715026	2.606452	9.148568e-03	1.507196e-01
chr7	74541013	74541518	506	*	13.32786	-1.7904551	0.68798144	-2.602476	9.255333e-03	1.516666e-01
chr8	79716596	79717454	859	*	18.51489	-1.5780927	0.60728173	-2.598617	9.360012e-03	1.528394e-01
chr1	117602314	117603507	1194	*	218.11326	0.4824239	0.18569229	2.597975	9.377539e-03	1.530173e-01
chr20	32580746	32582428	1683	*	463.84432	0.2950230	0.11359286	2.597196	9.398818e-03	1.532562e-01
chr2	219610373	219611153	781	*	482.37069	0.2894830	0.11146572	2.597059	9.402578e-03	1.532634e-01
chr13	99629981	99630700	720	*	95.72367	0.6507421	0.25071843	2.595510	9.445073e-03	1.535764e-01
chr8	38853767	38854565	799	*	199.18738	0.4395524	0.16938903	2.594928	9.461062e-03	1.537281e-01
chr13	49549686	49550977	1292	*	117.42457	0.6470939	0.24940466	2.594554	9.471365e-03	1.537332e-01
chr7	21466625	21468092	1468	*	619.55487	0.2830163	0.10908647	2.594421	9.475028e-03	1.537386e-01
chr20	36846179	36846575	397	*	13.04157	-1.9491071	0.75171236	-2.592890	9.517334e-03	1.542187e-01
chr21	43187071	43187667	597	*	47.35634	1.0189012	0.39305944	2.592232	9.535547e-03	1.543793e-01
chr19	13001483	13002222	740	*	188.46014	0.4509056	0.17399850	2.591434	9.557688e-03	1.544284e-01
chr7	5085213	5085971	759	*	82.03218	0.7030273	0.27131161	2.591217	9.563713e-03	1.544717e-01
chr11	65378565	65379567	1003	*	144.04087	0.5125109	0.19786742	2.590173	9.592763e-03	1.547784e-01
chr20	20693066	20693743	678	*	145.93602	0.5064718	0.19619873	2.581423	9.839407e-03	1.573966e-01
chr11	77705553	77706278	726	*	474.70649	0.3070908	0.11898993	2.580813	9.856785e-03	1.573966e-01
chr7	134576019	134576708	690	*	162.01048	0.5397890	0.20918427	2.580448	9.867232e-03	1.573966e-01
chr1	249200225	249201250	1026	*	247.60975	0.3750606	0.14534892	2.580415	9.868157e-03	1.573966e-01
chr11	73587502	73588376	875	*	327.28306	0.3438125	0.13324207	2.580360	9.869735e-03	1.573966e-01
chr1	154974223	154975008	786	*	99.64436	0.6725746	0.26067840	2.580093	9.877362e-03	1.573966e-01
chr1	38222043	38222654	612	*	31.18856	-0.9790079	0.37966182	-2.578632	9.919253e-03	1.579042e-01
chr15	48412918	48413675	758	*	54.19096	0.9139424	0.35450405	2.578087	9.934886e-03	1.580168e-01
chr11	78285474	78286730	1257	*	179.97989	0.4596886	0.17831169	2.578006	9.937236e-03	1.580168e-01
chr3	114343526	114344127	602	*	13.00592	-1.5374985	0.59674776	-2.576463	9.981689e-03	1.585052e-01
chr4	109092699	109093333	635	*	46.35798	1.7568570	0.68424388	2.567589	1.024085e-02	1.607005e-01
chr1	24969010	24970053	1044	*	215.94965	0.4318917	0.16835036	2.565434	1.030470e-02	1.613587e-01
chr8	126441485	126442750	1266	*	421.81915	-0.3501345	0.13654021	-2.564333	1.033743e-02	1.615716e-01
chr7	73588077	73589293	1217	*	150.06438	0.5467823	0.21338919	2.562371	1.039601e-02	1.619645e-01
chr17	21191114	21191501	388	*	101.48344	-0.6246314	0.24383241	-2.561724	1.041540e-02	1.620478e-01
chr11	64126156	64127056	901	*	34.69722	1.0552711	0.41231263	2.559396	1.048544e-02	1.626360e-01
chr1	201977157	201977586	430	*	19.75874	1.4838790	0.57999774	2.558422	1.051484e-02	1.628265e-01
chr6	27798480	27799523	1044	*	38.40561	-1.1222572	0.43888473	-2.557066	1.055592e-02	1.632595e-01
chr2	238395738	238396082	345	*	37.53688	0.9607969	0.37599369	2.555354	1.060799e-02	1.637628e-01
chrX	148620804	148622739	1936	*	376.15293	0.3096577	0.12137302	2.551290	1.073251e-02	1.649797e-01
chr7	38217453	38218421	969	*	286.62546	0.3551251	0.13923470	2.550550	1.075531e-02	1.650554e-01
chr3	47891415	47891899	485	*	14.13856	-1.6783977	0.65826539	-2.549728	1.078070e-02	1.653351e-01
chr2	241664942	241665558	617	*	13.14577	-1.5282109	0.59951409	-2.549082	1.080068e-02	1.655315e-01
chr12	104350489	104351542	1054	*	64.89384	0.7357237	0.28865601	2.548790	1.080972e-02	1.656152e-01
chr6	32131524	32132302	779	*	147.32186	0.4679605	0.18383985	2.545479	1.091279e-02	1.660970e-01
chr10	45476723	45477204	482	*	30.35080	-1.0076808	0.39589040	-2.545353	1.091673e-02	1.660970e-01
chrX	135055684	135056816	1133	*	53.07043	0.8661175	0.34048633	2.543766	1.096646e-02	1.665242e-01
chr7	134854967	134855829	863	*	280.74280	0.3659769	0.14390884	2.543116	1.098686e-02	1.667214e-01
chr11	70507898	70509190	1293	*	52.87603	-0.8053781	0.31671726	-2.542893	1.099389e-02	1.667214e-01
chr9	33523392	33524229	838	*	42.34481	-1.0258255	0.40359196	-2.541739	1.103025e-02	1.670975e-01
chr1	111742610	111743133	524	*	30.82119	1.6041908	0.63146853	2.540413	1.107217e-02	1.675199e-01
chr7	28219169	28220624	1456	*	48.40666	0.8690065	0.34242231	2.537821	1.115451e-02	1.681551e-01
chr11	22646709	22647669	961	*	120.25924	0.6002139	0.23651677	2.537722	1.115764e-02	1.681551e-01
chr8	143695765	143696542	778	*	75.62364	-0.7950479	0.31339241	-2.536909	1.118361e-02	1.684365e-01
chr11	59324659	59325261	603	*	33.44722	-1.4656487	0.57796427	-2.535881	1.121648e-02	1.688214e-01
chr2	85131968	85133430	1463	*	91.55365	0.6303383	0.24888141	2.532685	1.131925e-02	1.698015e-01
chr2	242088435	242090247	1813	*	160.75913	0.4541663	0.17949514	2.530243	1.139835e-02	1.705578e-01
chr6	30629563	30630163	601	*	45.50654	-0.8121256	0.32115856	-2.528737	1.144737e-02	1.710855e-01
chr20	277850	278244	395	*	96.20988	0.5767125	0.22817423	2.527510	1.148747e-02	1.714680e-01
chr19	58011076	58011568	493	*	52.39675	0.8040269	0.31814442	2.527239	1.149633e-02	1.714680e-01
chr1	61542458	61543868	1411	*	165.40111	0.4878354	0.19307274	2.526692	1.151423e-02	1.715793e-01
chr2	207308018	207309062	1045	*	41.31441	-0.8810984	0.34882122	-2.525931	1.153921e-02	1.718300e-01
chr17	8059571	8060432	862	*	270.25697	0.3554835	0.14075426	2.525561	1.155137e-02	1.718345e-01
chr15	25683286	25684624	1339	*	121.41214	0.5159493	0.20432466	2.525144	1.156507e-02	1.719378e-01
chr16	48418460	48419860	1401	*	97.08009	0.6543013	0.25946351	2.521747	1.167737e-02	1.728022e-01
chr21	47604169	47605070	902	*	730.49622	0.2328373	0.09233807	2.521574	1.168311e-02	1.728022e-01
chr20	44407391	44408416	1026	*	52.02010	-0.8112013	0.32197811	-2.519430	1.175450e-02	1.733029e-01
chr8	124553228	124554237	1010	*	109.86826	0.5451135	0.21668066	2.515746	1.187808e-02	1.745118e-01
chr10	75351027	75351278	252	*	35.35267	1.2288074	0.48848691	2.515538	1.188509e-02	1.745591e-01
chr2	73460169	73461891	1723	*	303.75016	0.3394871	0.13502453	2.514262	1.192817e-02	1.750806e-01
chr11	45693222	45693908	687	*	69.06956	0.8755672	0.34841111	2.513029	1.196995e-02	1.754705e-01
chr2	152829544	152830601	1058	*	99.77269	0.7076135	0.28188457	2.510295	1.206303e-02	1.763870e-01
chr2	10972314	10972861	548	*	29.70904	1.1206424	0.44644689	2.510136	1.206847e-02	1.764106e-01
chr8	29207991	29208825	835	*	104.22737	0.6561212	0.26185282	2.505687	1.222138e-02	1.771313e-01
chr7	121512770	121513894	1125	*	63.32025	-0.7434541	0.29701713	-2.503068	1.231219e-02	1.779034e-01
chr10	124913541	124914576	1036	*	271.48820	0.3734569	0.14923451	2.502483	1.233254e-02	1.779602e-01
chr10	123872101	123873093	993	*	66.71631	-0.8111570	0.32434424	-2.500914	1.238733e-02	1.783049e-01
chr1	165508503	165509735	1233	*	119.76881	-0.5206971	0.20849162	-2.497448	1.250906e-02	1.793860e-01
chr1	220267119	220268032	914	*	78.36225	0.7036658	0.28189370	2.496210	1.255283e-02	1.796787e-01
chr11	71158998	71159953	956	*	325.55438	0.3649869	0.14642950	2.492577	1.268197e-02	1.807425e-01
chr20	45317746	45318718	973	*	346.19560	0.3474194	0.13947794	2.490855	1.274360e-02	1.813409e-01
chr10	118898289	118898995	707	*	15.37959	1.7378048	0.69794241	2.489897	1.277801e-02	1.817186e-01
chr12	21809977	21811214	1238	*	182.45906	0.4187962	0.16828068	2.488677	1.282194e-02	1.820069e-01
chr14	71275807	71276876	1070	*	118.31502	0.5953443	0.23929243	2.487936	1.284867e-02	1.822106e-01
chr1	112162196	112163141	946	*	95.03765	0.5867864	0.23636582	2.482535	1.304512e-02	1.839021e-01
chr15	93443275	93443788	514	*	73.40893	0.7368586	0.29705703	2.480529	1.311875e-02	1.844682e-01
chr20	62370731	62372664	1934	*	187.40692	0.4403929	0.17766280	2.478813	1.318204e-02	1.850236e-01
chr15	39872053	39872925	873	*	16.91803	-1.3654613	0.55122887	-2.477122	1.324465e-02	1.854677e-01
chr20	44717278	44718795	1518	*	134.56977	0.4687140	0.18930463	2.475978	1.328719e-02	1.857295e-01
chr1	180600916	180601796	881	*	244.39051	0.3857868	0.15581540	2.475922	1.328925e-02	1.857295e-01
chr18	44135269	44135956	688	*	41.68981	-0.8958439	0.36233313	-2.472432	1.341974e-02	1.869288e-01
chr3	121468088	121468942	855	*	301.94671	0.3580935	0.14498676	2.469836	1.351752e-02	1.875865e-01
chr17	57183580	57184792	1213	*	199.64761	0.4489493	0.18209063	2.465527	1.368119e-02	1.888873e-01
chr10	38691390	38692394	1005	*	85.61113	0.6875043	0.27896731	2.464462	1.372191e-02	1.891403e-01
chr1	153894985	153896058	1074	*	257.48917	0.3746563	0.15212422	2.462832	1.378446e-02	1.896061e-01
chr2	133173668	133174366	699	*	17.11979	-1.3984769	0.56853144	-2.459806	1.390122e-02	1.907539e-01
chr1	236558227	236559196	970	*	24.55857	-1.1586137	0.47127713	-2.458455	1.395362e-02	1.909880e-01
chr14	35873029	35874252	1224	*	81.54057	0.6606678	0.26909068	2.455187	1.408115e-02	1.921981e-01
chr7	77427367	77428344	978	*	533.81833	0.2835921	0.11557387	2.453773	1.413661e-02	1.925918e-01
chr8	145133152	145134400	1249	*	277.39688	0.3493304	0.14240982	2.452993	1.416729e-02	1.928607e-01
chr7	38503333	38503973	641	*	26.15267	-1.0490218	0.42783211	-2.451947	1.420855e-02	1.930238e-01
chr1	26632814	26633483	670	*	73.57858	0.6940853	0.28374422	2.446165	1.443847e-02	1.951206e-01
chr2	112655379	112656653	1275	*	136.37924	0.5039391	0.20614471	2.444589	1.450172e-02	1.958766e-01
chr8	11659640	11660613	974	*	189.39892	0.4042313	0.16536040	2.444547	1.450340e-02	1.958766e-01
chr8	142137561	142138877	1317	*	251.54861	-0.3948298	0.16157295	-2.443663	1.453901e-02	1.961552e-01
chr7	98971787	98973349	1563	*	182.96792	0.4456233	0.18248346	2.441993	1.460644e-02	1.965458e-01
chr15	65407534	65408422	889	*	31.07661	-0.9955535	0.40770602	-2.441841	1.461256e-02	1.965458e-01
chr10	64563980	64565042	1063	*	95.02925	0.5503336	0.22551459	2.440346	1.467320e-02	1.970742e-01
chr19	16830294	16830890	597	*	37.59098	1.0129580	0.41511678	2.440176	1.468011e-02	1.971097e-01
chr1	117909244	117910248	1005	*	91.26627	0.6282955	0.25770880	2.438006	1.476854e-02	1.976582e-01
chr3	134786133	134786692	560	*	18.28592	1.7265675	0.70831083	2.437584	1.478576e-02	1.977231e-01
chr11	88910618	88911395	778	*	39.09717	1.0595032	0.43471253	2.437250	1.479944e-02	1.978339e-01
chr2	8821943	8822385	443	*	146.44432	0.5021918	0.20612216	2.436379	1.483512e-02	1.980117e-01
chr19	47291626	47292087	462	*	48.77179	0.8552411	0.35111774	2.435767	1.486024e-02	1.981170e-01
chr4	141348464	141349126	663	*	27.93663	-1.3451318	0.55237557	-2.435176	1.488454e-02	1.981170e-01
chr2	47402599	47404167	1569	*	117.74853	0.5250933	0.21563628	2.435088	1.488817e-02	1.981170e-01
chr18	32923890	32924740	851	*	108.77101	0.5362072	0.22030559	2.433925	1.493611e-02	1.984117e-01
chr1	92764073	92764989	917	*	135.92521	0.4810772	0.19767169	2.433718	1.494463e-02	1.984678e-01
chr20	32307811	32308534	724	*	201.39596	0.3716137	0.15271512	2.433378	1.495866e-02	1.985330e-01
chr5	146613677	146614950	1274	*	101.25309	0.6975711	0.28682208	2.432069	1.501284e-02	1.987959e-01
chr1	89458196	89458989	794	*	549.86086	0.2859729	0.11758981	2.431953	1.501766e-02	1.987959e-01
chr19	8578217	8579214	998	*	198.26322	0.4109386	0.16959899	2.423001	1.539287e-02	2.017161e-01
chr16	90112988	90113777	790	*	27.74008	1.1239520	0.46418927	2.421323	1.546415e-02	2.023046e-01
chr21	32931298	32931867	570	*	63.23940	0.7392565	0.30534020	2.421091	1.547399e-02	2.023046e-01
chr6	5003781	5004598	818	*	175.46005	0.4367342	0.18045132	2.420233	1.551057e-02	2.025104e-01
chr7	30323740	30324958	1219	*	289.30357	0.3959403	0.16360558	2.420091	1.551664e-02	2.025104e-01
chr12	9101952	9102926	975	*	286.56371	0.3495400	0.14453028	2.418455	1.558657e-02	2.030054e-01
chr2	96931469	96932348	880	*	284.06628	0.3772747	0.15606968	2.417348	1.563406e-02	2.033529e-01
chr12	26277643	26278310	668	*	84.29745	0.6230442	0.25780443	2.416732	1.566054e-02	2.035043e-01
chr7	104444542	104444911	370	*	32.03633	1.1257303	0.46583626	2.416579	1.566711e-02	2.035043e-01
chr7	82791566	82792524	959	*	194.51969	0.5263794	0.21783579	2.416404	1.567464e-02	2.035366e-01
chr2	190305551	190306605	1055	*	131.65956	0.5119942	0.21195514	2.415578	1.571025e-02	2.035407e-01
chr17	80188286	80190152	1867	*	197.06905	0.4330886	0.17936677	2.414542	1.575501e-02	2.038348e-01
chr13	39611849	39612702	854	*	112.83749	0.5123383	0.21225493	2.413788	1.578766e-02	2.040857e-01
chr9	74979427	74980972	1546	*	139.96744	0.4468418	0.18546654	2.409285	1.598379e-02	2.055866e-01
chr1	901520	902743	1224	*	48.40791	-0.7986650	0.33150804	-2.409187	1.598808e-02	2.055866e-01
chr2	234890866	234891589	724	*	30.21739	-0.8781129	0.36482691	-2.406930	1.608725e-02	2.063584e-01
chr2	217082045	217082633	589	*	12.61865	-1.9550099	0.81245206	-2.406308	1.611467e-02	2.065537e-01
chr3	112737502	112738743	1242	*	188.73737	0.4255537	0.17706951	2.403314	1.624722e-02	2.074677e-01
chr5	108084031	108085131	1101	*	377.57879	0.2907848	0.12100323	2.403116	1.625603e-02	2.074677e-01
chr20	34042543	34043664	1122	*	154.69814	0.5025037	0.20912277	2.402913	1.626507e-02	2.075258e-01
chr16	14013303	14014261	959	*	148.63529	0.4691738	0.19532102	2.402065	1.630282e-02	2.078350e-01
chr15	80444612	80445580	969	*	139.06271	0.4997421	0.20839253	2.398081	1.648124e-02	2.091401e-01
chr20	34541635	34543023	1389	*	227.91369	0.3788140	0.15820846	2.394398	1.664767e-02	2.105452e-01
chr19	17622126	17623246	1121	*	120.89759	0.5070818	0.21184958	2.393594	1.668422e-02	2.105692e-01
chr8	38385430	38386157	728	*	70.39035	-0.6292149	0.26298540	-2.392585	1.673015e-02	2.107040e-01
chr18	47339421	47340801	1381	*	59.28586	0.7488446	0.31301741	2.392342	1.674124e-02	2.107040e-01
chr17	81041333	81041929	597	*	21.37066	-1.1502812	0.48084324	-2.392217	1.674696e-02	2.107040e-01
chr20	30101899	30102827	929	*	65.21785	0.6776018	0.28335646	2.391341	1.678697e-02	2.110924e-01
chr19	50706366	50707124	759	*	140.35250	0.5006326	0.20938972	2.390913	1.680653e-02	2.111262e-01
chr20	42142554	42143536	983	*	414.24058	0.2726796	0.11419520	2.387837	1.694784e-02	2.123512e-01
chr6	26322235	26323407	1173	*	46.56407	-0.8979516	0.37609707	-2.387553	1.696096e-02	2.124124e-01
chr7	101272463	101273479	1017	*	180.07338	0.4862233	0.20383137	2.385419	1.705966e-02	2.131857e-01
chr3	72495719	72496634	916	*	347.54346	0.4025565	0.16886842	2.383847	1.713272e-02	2.134055e-01
chr1	77747497	77748274	778	*	16.26167	-1.5471713	0.64932353	-2.382743	1.718417e-02	2.137004e-01
chr1	32110010	32110978	969	*	113.09660	0.5648966	0.23784063	2.375106	1.754393e-02	2.166105e-01
chr13	37573318	37573953	636	*	41.60583	0.8660767	0.36473240	2.374554	1.757017e-02	2.167147e-01
chr9	102130399	102131470	1072	*	142.76483	0.5056560	0.21310442	2.372809	1.765341e-02	2.172183e-01
chr20	44454900	44455629	730	*	13.99164	-1.4718437	0.62060126	-2.371642	1.770926e-02	2.176504e-01
chr5	90679100	90679580	481	*	78.52404	0.6555645	0.27667923	2.369403	1.781683e-02	2.181593e-01
chr1	46598167	46599140	974	*	249.27118	0.3885984	0.16410389	2.368002	1.788442e-02	2.185810e-01
chr4	184242128	184242888	761	*	16.59981	1.6605022	0.70132471	2.367665	1.790072e-02	2.186428e-01
chr17	75277121	75277694	574	*	18.12811	1.5910335	0.67233231	2.366439	1.796013e-02	2.190521e-01
chr1	153599429	153601051	1623	*	261.52225	0.3725216	0.15782918	2.360283	1.826099e-02	2.204403e-01
chr17	39844675	39845976	1302	*	168.78286	0.4181291	0.17719372	2.359729	1.828831e-02	2.206921e-01
chr1	117210036	117210704	669	*	75.10947	0.6704213	0.28431057	2.358060	1.837074e-02	2.213425e-01
chr1	43232471	43233229	759	*	229.98933	0.4035337	0.17117309	2.357460	1.840045e-02	2.214867e-01
chr9	127703058	127704107	1050	*	68.53665	0.6791451	0.28824071	2.356173	1.846430e-02	2.218920e-01
chr1	173830101	173832185	2085	*	94.65746	-0.8554801	0.36428975	-2.348351	1.885676e-02	2.246943e-01
chr19	17447672	17448419	748	*	85.97556	0.5957325	0.25380629	2.347193	1.891543e-02	2.248822e-01
chrX	107018886	107019463	578	*	35.41736	1.0723451	0.45704853	2.346239	1.896395e-02	2.251551e-01
chr21	40554940	40556074	1135	*	209.68554	0.3935436	0.16799021	2.342658	1.914694e-02	2.268055e-01
chr10	129845546	129846108	563	*	75.96185	0.7300005	0.31170415	2.341966	1.918247e-02	2.271595e-01
chr7	134604069	134605080	1012	*	13.41528	-1.4740667	0.62967415	-2.340999	1.923221e-02	2.275478e-01
chr18	43677793	43678753	961	*	43.04300	0.8348890	0.35688856	2.339355	1.931707e-02	2.282351e-01
chr17	63051778	63053318	1541	*	137.73005	0.4722107	0.20186918	2.339192	1.932550e-02	2.282613e-01
chr3	42773673	42774209	537	*	86.51556	0.6168274	0.26370052	2.339121	1.932918e-02	2.282613e-01
chr3	42623088	42624016	929	*	89.97018	0.6083804	0.26018577	2.338254	1.937408e-02	2.284409e-01
chr3	48506768	48508013	1246	*	259.35637	-0.3272097	0.13994502	-2.338130	1.938049e-02	2.284582e-01
chr1	36395928	36397181	1254	*	127.96891	0.4794904	0.20514959	2.337272	1.942504e-02	2.287497e-01
chr1	206557786	206558205	420	*	48.49886	-0.8776160	0.37579250	-2.335374	1.952390e-02	2.294456e-01
chr4	100009418	100010467	1050	*	81.34297	0.6357677	0.27228467	2.334937	1.954669e-02	2.296549e-01
chr11	43701901	43702667	767	*	249.15368	0.3740376	0.16025686	2.333988	1.959636e-02	2.301478e-01
chr12	53688969	53689561	593	*	60.65149	0.7252894	0.31118579	2.330728	1.976772e-02	2.314272e-01
chr1	148247386	148248360	975	*	169.07628	-0.5427752	0.23288830	-2.330625	1.977316e-02	2.314323e-01
chr11	72353358	72354854	1497	*	82.86998	-0.6267772	0.26895305	-2.330434	1.978325e-02	2.314916e-01
chr19	10981373	10982334	962	*	101.89272	0.6210685	0.26689913	2.326978	1.996642e-02	2.326745e-01
chr6	43457024	43457366	343	*	20.10532	-1.1905128	0.51289402	-2.321167	2.027782e-02	2.346027e-01
chr11	76777275	76778520	1246	*	273.39103	0.3573306	0.15396779	2.320814	2.029687e-02	2.346341e-01
chr1	31190752	31192191	1440	*	405.43708	0.2594304	0.11178779	2.320740	2.030087e-02	2.346341e-01
chr3	60842069	60842578	510	*	64.85002	1.0905258	0.46999899	2.320273	2.032613e-02	2.347610e-01
chr21	42837826	42838665	840	*	87.50938	0.6755858	0.29118430	2.320131	2.033377e-02	2.347610e-01
chr2	61763712	61764244	533	*	125.41186	0.4904821	0.21144140	2.319707	2.035674e-02	2.347610e-01
chr15	74488486	74488920	435	*	28.10195	-1.0399329	0.44871379	-2.317586	2.047181e-02	2.354540e-01
chr11	104034595	104035248	654	*	40.69456	1.0149320	0.43798179	2.317293	2.048779e-02	2.354540e-01
chrX	148606952	148607362	411	*	19.91913	-1.5821517	0.68284833	-2.316988	2.050436e-02	2.354540e-01
chr3	186288056	186288702	647	*	268.28386	0.3113688	0.13439099	2.316888	2.050986e-02	2.354540e-01
chr2	203879145	203879909	765	*	155.45720	0.4227694	0.18251222	2.316389	2.053702e-02	2.354540e-01
chr11	73693813	73694650	838	*	42.93903	-0.8843859	0.38191643	-2.315653	2.057722e-02	2.356017e-01
chr2	65356801	65357878	1078	*	421.91231	0.2872033	0.12406724	2.314900	2.061839e-02	2.356017e-01
chr2	202718923	202719525	603	*	23.20962	-1.0883582	0.47018704	-2.314735	2.062746e-02	2.356017e-01
chrX	50557045	50558064	1020	*	138.45282	0.4808163	0.20797065	2.311943	2.078082e-02	2.367434e-01
chr3	167452353	167453601	1249	*	354.07955	0.3396172	0.14692713	2.311467	2.080707e-02	2.369255e-01
chr2	121224189	121224678	490	*	19.45061	-1.2125587	0.52461377	-2.311336	2.081430e-02	2.369494e-01
chr5	16741947	16742700	754	*	101.01683	-0.5671278	0.24577630	-2.307496	2.102718e-02	2.383970e-01
chr8	72268793	72269372	580	*	22.66089	1.3492290	0.58488196	2.306840	2.106376e-02	2.386123e-01
chr1	156095956	156096430	475	*	109.56772	-0.5821409	0.25257901	-2.304787	2.117849e-02	2.396180e-01
chr14	59104267	59105800	1534	*	22.76084	-1.0519878	0.45663665	-2.303774	2.123531e-02	2.398748e-01
chrX	119005036	119006234	1199	*	39.37004	0.9256167	0.40178966	2.303734	2.123756e-02	2.398748e-01
chr12	52403941	52404483	543	*	114.76905	0.4703418	0.20428512	2.302379	2.131381e-02	2.403615e-01
chr2	39347321	39348534	1214	*	122.41537	0.4888060	0.21235961	2.301784	2.134734e-02	2.405262e-01
chr1	11119753	11120617	865	*	148.72832	0.4305271	0.18707495	2.301362	2.137120e-02	2.407363e-01
chr10	31320489	31321737	1249	*	72.72345	0.6320487	0.27470352	2.300840	2.140070e-02	2.408144e-01
chr12	85306160	85307183	1024	*	89.62262	0.6203456	0.26990231	2.298408	2.153858e-02	2.416781e-01
chr12	31881611	31882388	778	*	263.64438	0.3483692	0.15165650	2.297094	2.161343e-02	2.420776e-01
chr3	31573420	31574574	1155	*	189.27697	0.3803848	0.16567834	2.295923	2.168026e-02	2.422681e-01
chr16	73125959	73126788	830	*	220.99906	0.3660623	0.15947432	2.295431	2.170842e-02	2.422720e-01
chr5	140090258	140091078	821	*	45.84281	-0.8787700	0.38285447	-2.295311	2.171531e-02	2.422720e-01
chr1	117451762	117453249	1488	*	46.54839	0.7948325	0.34639619	2.294576	2.175742e-02	2.424248e-01
chr1	110933356	110933898	543	*	49.06109	0.8284957	0.36131306	2.293014	2.184723e-02	2.430976e-01
chr7	32534665	32535645	981	*	190.35432	0.4093224	0.17855654	2.292396	2.188278e-02	2.432846e-01
chr5	148737194	148737951	758	*	104.07679	0.5287185	0.23090134	2.289803	2.203275e-02	2.441284e-01
chr13	46038753	46039687	935	*	114.01487	0.5253495	0.22970771	2.287035	2.219380e-02	2.450821e-01
chr2	110371187	110372309	1123	*	371.53268	0.2797737	0.12253355	2.283242	2.241612e-02	2.463904e-01
chr20	30945464	30946783	1320	*	253.20200	0.3423656	0.14998531	2.282661	2.245034e-02	2.465563e-01
chr2	97405426	97406117	692	*	86.23956	0.5521254	0.24193247	2.282147	2.248068e-02	2.467316e-01
chr1	114447143	114448062	920	*	323.82748	0.3153119	0.13824059	2.280893	2.255480e-02	2.473090e-01
chr16	89556789	89557604	816	*	186.91859	0.4136551	0.18139674	2.280389	2.258465e-02	2.475196e-01
chr1	109289017	109290154	1138	*	174.87322	0.3995763	0.17532322	2.279084	2.266208e-02	2.479562e-01
chr3	125238670	125239389	720	*	111.44514	0.5032043	0.22099102	2.277035	2.278412e-02	2.484670e-01
chr17	57784580	57785444	865	*	321.69943	0.2936562	0.12907602	2.275064	2.290208e-02	2.493998e-01
chr3	42845358	42846336	979	*	99.91029	0.5525697	0.24294279	2.274485	2.293684e-02	2.494842e-01
chr7	89840838	89841430	593	*	42.82392	-0.8291693	0.36468685	-2.273647	2.298719e-02	2.498363e-01
chr7	50628610	50629016	407	*	13.34083	-1.3790337	0.60706182	-2.271653	2.310749e-02	2.502663e-01
chr20	39765469	39766752	1284	*	125.33218	0.4802266	0.21140995	2.271542	2.311417e-02	2.502663e-01
chr18	47807656	47808314	659	*	82.73124	0.5591640	0.24618561	2.271310	2.312819e-02	2.502681e-01
chr7	66056779	66057739	961	*	96.68181	0.5707856	0.25133275	2.271035	2.314483e-02	2.503894e-01
chr21	27106635	27108226	1592	*	212.79280	0.3964922	0.17465441	2.270153	2.319831e-02	2.505569e-01
chr4	155471148	155471904	757	*	55.14738	0.7675969	0.33819382	2.269695	2.322609e-02	2.506966e-01
chr3	152552435	152553352	918	*	48.54915	-0.9180940	0.40478771	-2.268088	2.332386e-02	2.508287e-01
chr15	42696494	42697339	846	*	162.61663	0.4157466	0.18339133	2.266992	2.339074e-02	2.512831e-01
chr6	30853718	30854437	720	*	126.84322	0.5721301	0.25256168	2.265308	2.349377e-02	2.519209e-01
chr2	25264563	25265655	1093	*	178.28718	0.3851137	0.17003351	2.264928	2.351709e-02	2.519670e-01
chrX	23799486	23799902	417	*	40.04529	-0.9381761	0.41467423	-2.262441	2.367016e-02	2.528724e-01
chr20	54933755	54935303	1549	*	240.36909	0.3671204	0.16233775	2.261461	2.373075e-02	2.532388e-01
chr3	11313754	11314427	674	*	31.43161	0.9604830	0.42509809	2.259438	2.385613e-02	2.542120e-01
chr14	64970158	64972129	1972	*	206.22294	-0.3541951	0.15679077	-2.259030	2.388150e-02	2.543853e-01
chr5	162864214	162865159	946	*	215.59798	0.3636410	0.16119832	2.255861	2.407933e-02	2.552940e-01
chr2	27294042	27295041	1000	*	116.20112	0.4540057	0.20148569	2.253290	2.424088e-02	2.561830e-01
chr6	106773237	106773835	599	*	69.43126	0.6933472	0.30800020	2.251126	2.437757e-02	2.571567e-01
chr7	73081793	73082471	679	*	65.92941	0.6505962	0.28915108	2.250022	2.444756e-02	2.576006e-01
chr4	148605026	148605792	767	*	99.58301	0.5933856	0.26386229	2.248846	2.452230e-02	2.581258e-01
chr6	2901081	2901702	622	*	37.33121	-0.8437293	0.37523522	-2.248534	2.454213e-02	2.581258e-01
chr19	2016012	2016492	481	*	13.09448	1.5726627	0.69952918	2.248173	2.456515e-02	2.581815e-01
chr3	127842398	127843072	675	*	245.72962	0.3759260	0.16724280	2.247786	2.458986e-02	2.583208e-01
chr14	53417264	53418567	1304	*	113.70972	0.4737691	0.21077792	2.247717	2.459425e-02	2.583208e-01
chr1	86042173	86044427	2255	*	78.21542	-0.5782091	0.25741853	-2.246183	2.469230e-02	2.590559e-01
chr3	101567799	101568811	1013	*	349.97797	0.3242598	0.14442896	2.245116	2.476067e-02	2.593633e-01
chr20	62693980	62694736	757	*	127.51872	0.4417432	0.19676219	2.245062	2.476418e-02	2.593633e-01
chr9	136324562	136325513	952	*	75.94078	0.6304974	0.28086258	2.244861	2.477706e-02	2.594145e-01
chr1	36022667	36023581	915	*	259.17748	0.3276335	0.14597688	2.244420	2.480537e-02	2.595343e-01
chr9	103191330	103191920	591	*	31.22753	-0.9255239	0.41246168	-2.243903	2.483866e-02	2.597598e-01
chrX	56755334	56755980	647	*	15.86276	1.5099317	0.67312448	2.243169	2.488594e-02	2.600826e-01
chr13	28366417	28367063	647	*	37.01531	0.8002499	0.35699870	2.241604	2.498695e-02	2.604895e-01
chr6	88299466	88300110	645	*	84.40453	0.5805094	0.25906781	2.240762	2.504148e-02	2.606845e-01
chr21	34914369	34915839	1471	*	328.01801	0.3183302	0.14239031	2.235617	2.537688e-02	2.623035e-01
chr18	51883845	51884790	946	*	51.80516	-0.7523441	0.33674474	-2.234167	2.547206e-02	2.626584e-01
chr17	26645754	26646478	725	*	162.53989	0.4225768	0.18914510	2.234141	2.547381e-02	2.626584e-01
chr8	65493007	65494744	1738	*	61.00631	-0.7159602	0.32051340	-2.233792	2.549678e-02	2.628236e-01
chr5	5422131	5423039	909	*	236.75850	0.3490139	0.15629893	2.232989	2.554964e-02	2.630878e-01
chr3	50273161	50273737	577	*	353.47049	0.2902190	0.12999310	2.232572	2.557715e-02	2.631949e-01
chr3	50297431	50298533	1103	*	316.65690	0.2931245	0.13132515	2.232052	2.561154e-02	2.632488e-01
chr1	145575011	145576590	1580	*	231.17990	0.3474138	0.15565309	2.231975	2.561660e-02	2.632488e-01
chr9	115950305	115950811	507	*	14.63195	-1.5322152	0.68666754	-2.231379	2.565606e-02	2.634197e-01
chr2	676164	677682	1519	*	579.09622	0.2623507	0.11760834	2.230715	2.569999e-02	2.636948e-01
chr2	159313034	159314852	1819	*	273.54992	0.3308036	0.14832486	2.230264	2.572992e-02	2.638259e-01
chr7	116659889	116660588	700	*	186.18715	0.4650623	0.20855777	2.229897	2.575430e-02	2.639001e-01
chr1	113932467	113933274	808	*	335.64314	0.2758901	0.12382040	2.228148	2.587067e-02	2.647987e-01
chr3	113414885	113416086	1202	*	251.39215	0.3274375	0.14703015	2.227009	2.594667e-02	2.655177e-01
chr6	26157492	26158750	1259	*	135.43694	-0.5424512	0.24376593	-2.225296	2.606140e-02	2.661389e-01
chr17	67322955	67323906	952	*	151.69433	0.4514696	0.20298260	2.224179	2.613640e-02	2.665728e-01
chr7	112090065	112091555	1491	*	435.69236	0.2519479	0.11342116	2.221348	2.632738e-02	2.677516e-01
chr3	147121396	147121726	331	*	14.17541	-1.3399599	0.60334174	-2.220897	2.635794e-02	2.678247e-01
chr1	43637593	43638457	865	*	74.68631	0.6035566	0.27176285	2.220894	2.635812e-02	2.678247e-01
chr11	34470349	34470913	565	*	35.99617	1.6002269	0.72105304	2.219291	2.646690e-02	2.680154e-01
chr9	115875189	115875728	540	*	16.99790	-1.2796441	0.57660997	-2.219254	2.646944e-02	2.680154e-01
chr1	167522599	167523343	745	*	89.27327	0.5398366	0.24340628	2.217842	2.656564e-02	2.684475e-01
chr6	108881835	108882416	582	*	56.53736	0.7390732	0.33326026	2.217706	2.657491e-02	2.684475e-01
chr2	45236458	45237227	770	*	48.00882	-0.7686391	0.34659933	-2.217659	2.657809e-02	2.684475e-01
chr10	82213499	82214135	637	*	115.31022	0.5245496	0.23654132	2.217581	2.658340e-02	2.684475e-01
chr11	13298573	13299716	1144	*	170.89375	0.4377703	0.19741383	2.217526	2.658718e-02	2.684475e-01
chr6	43444955	43445832	878	*	35.15339	0.9113124	0.41097657	2.217431	2.659362e-02	2.684475e-01
chr5	39219531	39219922	392	*	24.15719	1.3014496	0.58706983	2.216857	2.663289e-02	2.686686e-01
chr3	70048615	70049484	870	*	432.92540	0.2834328	0.12788319	2.216342	2.666812e-02	2.689283e-01
chr8	77912106	77913065	960	*	213.16171	0.4013322	0.18109148	2.216185	2.667886e-02	2.689560e-01
chr7	76751302	76752108	807	*	314.21297	0.3090049	0.13953479	2.214537	2.679186e-02	2.696979e-01
chr10	94050425	94051316	892	*	150.49185	0.4905061	0.22155550	2.213920	2.683430e-02	2.697572e-01
chr17	57232262	57233157	896	*	649.67944	0.2179822	0.09850198	2.212973	2.689948e-02	2.700573e-01
chr6	37467380	37468049	670	*	73.73894	0.6128626	0.27694661	2.212927	2.690268e-02	2.700573e-01
chr13	48877315	48878474	1160	*	58.00355	0.7381724	0.33366662	2.212305	2.694559e-02	2.702286e-01
chr3	9437921	9439550	1630	*	477.30830	0.2429595	0.10993049	2.210119	2.709690e-02	2.710395e-01
chr6	31794737	31795695	959	*	250.94338	0.3589021	0.16246710	2.209075	2.716940e-02	2.713004e-01
chr10	99257609	99258941	1333	*	234.09740	0.3158014	0.14304924	2.207641	2.726931e-02	2.718763e-01
chr2	136742594	136743596	1003	*	124.25709	0.4782876	0.21669501	2.207193	2.730061e-02	2.718988e-01
chr9	140094909	140095695	787	*	137.49888	0.4308270	0.19564517	2.202084	2.765940e-02	2.738767e-01
chr17	42143637	42144161	525	*	68.70897	0.6360341	0.28884934	2.201958	2.766827e-02	2.739058e-01
chr2	77000019	77000456	438	*	61.11683	0.8399270	0.38207182	2.198348	2.792429e-02	2.752009e-01
chr12	121570269	121571177	909	*	103.74512	-0.4574730	0.20814533	-2.197854	2.795954e-02	2.753132e-01
chr7	76178259	76179137	879	*	125.73538	0.5169341	0.23528450	2.197060	2.801617e-02	2.755168e-01
chr3	125634449	125635631	1183	*	1060.80671	0.2233212	0.10165566	2.196840	2.803188e-02	2.755168e-01
chr19	10627662	10628954	1293	*	26.43582	-0.9623225	0.43823214	-2.195919	2.809771e-02	2.759087e-01
chr16	87984299	87985488	1190	*	153.64832	0.4213912	0.19194199	2.195409	2.813426e-02	2.760913e-01
chr20	60813111	60813993	883	*	221.12992	0.3683403	0.16792281	2.193509	2.827070e-02	2.767244e-01
chr10	102132935	102134102	1168	*	266.59849	0.3690302	0.16837299	2.191742	2.839811e-02	2.776183e-01
chr1	178062374	178063854	1481	*	162.42345	0.3853685	0.17596741	2.189999	2.852430e-02	2.784345e-01
chr7	158808045	158808695	651	*	51.87100	0.6958808	0.31785581	2.189297	2.857526e-02	2.786787e-01
chr20	43513877	43514805	929	*	242.65598	0.3574696	0.16332648	2.188681	2.862004e-02	2.788829e-01
chr7	116139426	116140205	780	*	49.12417	0.7495949	0.34255534	2.188245	2.865179e-02	2.789227e-01
chr2	133428304	133429314	1011	*	26.76678	-1.1217094	0.51272333	-2.187748	2.868796e-02	2.790337e-01
chr1	1980870	1982179	1310	*	114.64518	0.5637671	0.25774509	2.187305	2.872028e-02	2.792173e-01
chr1	224139545	224139994	450	*	13.49184	-1.9430571	0.88959183	-2.184212	2.894668e-02	2.803834e-01
chr17	46184567	46185313	747	*	151.01918	0.4372277	0.20020154	2.183938	2.896681e-02	2.805047e-01
chr1	101704257	101704584	328	*	32.91488	-0.9462191	0.43365145	-2.181981	2.911096e-02	2.814254e-01
chr6	147829441	147830048	608	*	20.27441	-1.0748517	0.49266631	-2.181703	2.913144e-02	2.815084e-01
chrX	153744265	153745154	890	*	114.39444	0.4606100	0.21160088	2.176787	2.949648e-02	2.834339e-01
chr12	4429840	4430703	864	*	168.91803	0.3926046	0.18043654	2.175860	2.956575e-02	2.839223e-01
chr8	57123593	57124643	1051	*	249.96692	0.3283343	0.15100831	2.174280	2.968411e-02	2.848811e-01
chr19	37262239	37264083	1845	*	62.59159	-0.6475732	0.29785810	-2.174100	2.969765e-02	2.848925e-01
chr1	173174454	173175171	718	*	41.48000	1.1060580	0.50895737	2.173184	2.976647e-02	2.851971e-01
chr18	48346198	48346579	382	*	23.82103	1.0951693	0.50398539	2.173018	2.977897e-02	2.852577e-01
chr16	66914052	66915163	1112	*	77.06243	0.5845709	0.26911448	2.172202	2.984047e-02	2.856689e-01
chr1	26145453	26147386	1934	*	227.95650	0.3160213	0.14551198	2.171789	2.987162e-02	2.858155e-01
chr1	65885441	65886889	1449	*	414.15219	0.3368216	0.15519501	2.170312	2.998322e-02	2.863822e-01
chr2	236402270	236403069	800	*	94.24762	0.5562435	0.25631352	2.170168	2.999410e-02	2.864269e-01
chr1	10269903	10270835	933	*	280.99800	0.2828995	0.13038070	2.169796	3.002232e-02	2.866318e-01
chr3	62935935	62936194	260	*	12.95468	1.9115625	0.88246029	2.166174	3.029789e-02	2.878394e-01
chr11	85955323	85956626	1304	*	62.16576	0.6446861	0.29764890	2.165928	3.031669e-02	2.878561e-01
chr13	37006142	37006634	493	*	13.43308	-1.8943860	0.87566222	-2.163375	3.051233e-02	2.886883e-01
chr12	58087516	58088193	678	*	136.39830	0.4151786	0.19210489	2.161208	3.067927e-02	2.893190e-01
chr1	24742006	24742483	478	*	51.59347	0.7855632	0.36403169	2.157953	3.093151e-02	2.906291e-01
chr14	103851242	103852150	909	*	120.34011	0.4597203	0.21305824	2.157721	3.094952e-02	2.906294e-01
chr20	18392539	18393066	528	*	29.53377	-0.9333456	0.43268049	-2.157124	3.099597e-02	2.907565e-01
chr1	166844997	166845850	854	*	138.17697	0.4682284	0.21716302	2.156115	3.107470e-02	2.913221e-01
chr17	45266218	45267191	974	*	190.05205	0.3980234	0.18467537	2.155260	3.114151e-02	2.915892e-01
chr13	28023829	28024789	961	*	61.77742	0.6918145	0.32122549	2.153672	3.126587e-02	2.922834e-01
chr1	9599171	9600294	1124	*	162.69395	0.4277964	0.19865981	2.153412	3.128632e-02	2.923800e-01
chr1	109654707	109655753	1047	*	68.58485	-0.6723347	0.31231480	-2.152747	3.133858e-02	2.925484e-01
chr16	2083370	2084159	790	*	51.99799	-0.6723790	0.31237790	-2.152454	3.136162e-02	2.926450e-01
chr19	2151193	2152177	985	*	129.37482	0.4409665	0.20499600	2.151098	3.146845e-02	2.933353e-01
chr1	45265398	45266285	888	*	221.20126	0.3201070	0.14881626	2.151022	3.147449e-02	2.933353e-01
chr19	18747081	18747881	801	*	180.23482	0.4207735	0.19562942	2.150870	3.148643e-02	2.933353e-01
chrX	17754982	17755803	822	*	65.61607	0.6659344	0.30985265	2.149197	3.161879e-02	2.939786e-01
chr5	176784644	176785351	708	*	23.95696	-1.2470320	0.58025457	-2.149112	3.162553e-02	2.939786e-01
chr5	149535077	149535713	637	*	31.31426	-0.8848330	0.41190642	-2.148141	3.170256e-02	2.939972e-01
chr15	73925452	73926167	716	*	121.07331	0.4564395	0.21254603	2.147485	3.175466e-02	2.940610e-01
chr5	43039589	43040890	1302	*	77.74686	0.6794762	0.31643526	2.147283	3.177073e-02	2.940830e-01
chr3	9974329	9975973	1645	*	192.42243	0.3583130	0.16691970	2.146619	3.182361e-02	2.942818e-01
chr8	11561340	11561935	596	*	36.54644	-0.9036711	0.42114453	-2.145751	3.189288e-02	2.946848e-01
chr17	4900650	4901654	1005	*	109.45332	0.5246862	0.24458080	2.145247	3.193313e-02	2.948784e-01
chr14	90797978	90798565	588	*	90.69277	0.5385900	0.25113800	2.144598	3.198501e-02	2.951615e-01
chr11	63605793	63606895	1103	*	93.56314	0.5673387	0.26460927	2.144062	3.202790e-02	2.953390e-01
chr4	8200170	8201456	1287	*	112.23073	0.5422875	0.25294270	2.143914	3.203975e-02	2.953390e-01
chr5	693166	693920	755	*	83.87524	0.6854054	0.31969968	2.143904	3.204059e-02	2.953390e-01
chr6	26033524	26034250	727	*	39.35356	-0.8299512	0.38730575	-2.142884	3.212242e-02	2.957390e-01
chr21	45148035	45149048	1014	*	175.93264	0.4122023	0.19236823	2.142777	3.213098e-02	2.957588e-01
chr7	50849926	50851082	1157	*	65.36618	0.6834885	0.31898759	2.142681	3.213875e-02	2.957713e-01
chr1	45272832	45274343	1512	*	436.97530	-0.2537934	0.11869178	-2.138256	3.249600e-02	2.979897e-01
chr11	74203840	74204927	1088	*	279.51613	0.3199229	0.14963283	2.138053	3.251244e-02	2.980813e-01
chr2	70141397	70142425	1029	*	596.33288	0.2150384	0.10058404	2.137897	3.252507e-02	2.981379e-01
chr9	114393170	114393967	798	*	88.85411	0.5543541	0.25946095	2.136561	3.263372e-02	2.986593e-01
chr1	184942861	184943790	930	*	14.73277	-1.3112719	0.61413445	-2.135155	3.274839e-02	2.991353e-01
chr13	52702827	52703439	613	*	26.51188	1.0874302	0.50930438	2.135128	3.275053e-02	2.991353e-01
chr8	145690571	145691577	1007	*	183.85867	0.3600921	0.16897369	2.131055	3.308465e-02	3.010870e-01
chr7	42971542	42972353	812	*	150.12394	0.3969313	0.18626445	2.131009	3.308838e-02	3.010870e-01
chr17	13972364	13973219	856	*	66.25283	0.6144449	0.28837166	2.130740	3.311059e-02	3.010870e-01
chr8	103818555	103819954	1400	*	186.16936	-0.4089187	0.19192389	-2.130629	3.311969e-02	3.010870e-01
chr19	8070126	8070796	671	*	44.30784	0.7532566	0.35360088	2.130245	3.315137e-02	3.011875e-01
chr17	5371954	5372483	530	*	67.36570	0.5795455	0.27209951	2.129903	3.317964e-02	3.013178e-01
chr1	33646228	33647833	1606	*	131.34055	0.4318794	0.20281378	2.129438	3.321804e-02	3.014965e-01
chr15	71055457	71056321	865	*	104.95861	0.5000402	0.23508253	2.127083	3.341315e-02	3.025770e-01
chr1	150551700	150552552	853	*	129.91232	0.4412742	0.20774251	2.124140	3.365843e-02	3.035242e-01
chr1	150480426	150480721	296	*	22.75090	-1.1047701	0.52101961	-2.120400	3.397230e-02	3.051624e-01
chr9	36190543	36191197	655	*	120.50424	0.4601435	0.21720141	2.118511	3.413185e-02	3.058609e-01
chr1	12655815	12656346	532	*	21.40117	-1.0892194	0.51423719	-2.118127	3.416435e-02	3.059943e-01
chr6	109775567	109777467	1901	*	209.18930	0.3953847	0.18676797	2.116984	3.426125e-02	3.063017e-01
chr15	73343994	73345166	1173	*	82.45719	0.5032340	0.23772925	2.116837	3.427371e-02	3.063017e-01
chr2	122494195	122494906	712	*	134.01358	0.4520521	0.21355621	2.116783	3.427830e-02	3.063017e-01
chr1	235530465	235531011	547	*	162.63635	0.4012055	0.18960806	2.115973	3.434712e-02	3.064421e-01
chr14	75535869	75536547	679	*	78.67025	0.5629087	0.26627901	2.113981	3.451690e-02	3.072813e-01
chr4	140476328	140477812	1485	*	44.65208	-0.7614561	0.36027933	-2.113516	3.455663e-02	3.074444e-01
chr15	30691100	30691650	551	*	16.48745	-1.4170475	0.67047939	-2.113484	3.455935e-02	3.074444e-01
chr5	140098149	140098915	767	*	24.21862	-1.1373587	0.53822631	-2.113161	3.458701e-02	3.076311e-01
chr19	39900311	39900936	626	*	48.66193	0.6917844	0.32785157	2.110054	3.485372e-02	3.092883e-01
chr17	58469085	58470115	1031	*	186.22683	0.3706004	0.17564516	2.109938	3.486367e-02	3.093171e-01
chr15	92395966	92397319	1354	*	96.96240	-0.4975399	0.23582875	-2.109751	3.487982e-02	3.093301e-01
chr18	9334147	9335310	1164	*	53.11631	0.6511486	0.30866962	2.109532	3.489864e-02	3.093301e-01
chr9	19229864	19231040	1177	*	103.58245	0.4925603	0.23353279	2.109170	3.492995e-02	3.093950e-01
chr8	59465359	59466425	1067	*	182.11757	0.3830256	0.18162911	2.108834	3.495895e-02	3.093950e-01
chr10	62537787	62538724	938	*	125.14323	0.4446805	0.21097257	2.107764	3.505137e-02	3.094953e-01
chr11	85338947	85339866	920	*	153.06061	0.3839494	0.18219910	2.107307	3.509100e-02	3.097267e-01
chr1	64577944	64578356	413	*	15.88405	-1.4502307	0.68834419	-2.106839	3.513150e-02	3.099119e-01
chrX	38079101	38080917	1817	*	67.89993	0.5976627	0.28374029	2.106372	3.517203e-02	3.099119e-01
chr13	80913113	80913497	385	*	36.57905	0.7843633	0.37239635	2.106259	3.518183e-02	3.099119e-01
chr2	158484727	158485891	1165	*	149.05185	0.4613075	0.21902300	2.106206	3.518646e-02	3.099119e-01
chr12	13348887	13349823	937	*	274.86257	-0.3429565	0.16284706	-2.106004	3.520401e-02	3.099538e-01
chr3	129158601	129159495	895	*	364.39994	0.2719019	0.12911361	2.105912	3.521196e-02	3.099646e-01
chr6	109761549	109762914	1366	*	74.29203	0.6634346	0.31504946	2.105811	3.522078e-02	3.099831e-01
chr11	124669865	124670852	988	*	89.08445	0.5353843	0.25444099	2.104159	3.536458e-02	3.105856e-01
chr8	87520381	87521173	793	*	253.40026	0.3229342	0.15347639	2.104129	3.536715e-02	3.105856e-01
chr3	125693903	125694719	817	*	204.66006	0.3604336	0.17131974	2.103865	3.539021e-02	3.105856e-01
chr1	19970462	19971112	651	*	56.23562	0.6599333	0.31376332	2.103284	3.544097e-02	3.108413e-01
chrX	152952934	152953440	507	*	38.06519	0.8178675	0.38918685	2.101478	3.559904e-02	3.117077e-01
chr1	182583769	182584513	745	*	65.13740	-0.6476017	0.30838616	-2.099970	3.573147e-02	3.123340e-01
chr16	66730218	66731230	1013	*	49.77370	0.7405167	0.35276614	2.099172	3.580177e-02	3.124978e-01
chr21	46359585	46360438	854	*	26.40157	0.9898687	0.47155319	2.099167	3.580222e-02	3.124978e-01
chr1	164527909	164528638	730	*	124.64179	0.4770838	0.22733498	2.098594	3.585273e-02	3.125064e-01
chr17	41149890	41150828	939	*	163.47280	0.4113012	0.19605456	2.097892	3.591471e-02	3.128104e-01
chr10	23727555	23728412	858	*	58.22864	0.6294620	0.30007349	2.097693	3.593228e-02	3.128184e-01
chr14	100070436	100071544	1109	*	106.25530	0.4746340	0.22644964	2.095980	3.608392e-02	3.134490e-01
chr17	68165050	68166112	1063	*	129.08696	0.5388814	0.25713719	2.095696	3.610915e-02	3.134490e-01
chr11	114270742	114271680	939	*	78.78313	0.5444477	0.25980436	2.095607	3.611711e-02	3.134490e-01
chr5	52083436	52084396	961	*	57.22531	-0.6510474	0.31089067	-2.094136	3.624786e-02	3.139940e-01
chr10	64892654	64893596	943	*	101.77173	0.5316815	0.25395152	2.093634	3.629260e-02	3.142046e-01
chr8	54792152	54793712	1561	*	234.07356	0.3526602	0.16846505	2.093373	3.631585e-02	3.143470e-01
chr2	198174961	198175845	885	*	141.83856	0.4532204	0.21671001	2.091368	3.649506e-02	3.150711e-01
chr17	79980527	79981612	1086	*	436.59233	0.2394033	0.11451207	2.090638	3.656048e-02	3.153249e-01
chr20	62587257	62589021	1765	*	350.99796	0.2487597	0.11899880	2.090438	3.657843e-02	3.153249e-01
chr19	49149519	49150085	567	*	32.60221	0.8328992	0.39848263	2.090177	3.660190e-02	3.154036e-01
chr6	26183621	26184309	689	*	16.08887	-1.3209844	0.63204208	-2.090026	3.661545e-02	3.154615e-01
chr5	170814335	170815762	1428	*	133.60092	0.4776400	0.22860908	2.089331	3.667794e-02	3.157052e-01
chr2	172290242	172291323	1082	*	318.34839	0.2799368	0.13406491	2.088069	3.679159e-02	3.163454e-01
chr1	52195029	52195873	845	*	118.77685	0.4863728	0.23299758	2.087459	3.684670e-02	3.165175e-01
chr2	160568491	160569428	938	*	191.70463	0.3715611	0.17805222	2.086810	3.690534e-02	3.166588e-01
chr14	58618428	58619251	824	*	25.17403	-0.9847727	0.47198879	-2.086432	3.693948e-02	3.168339e-01
chr1	225997458	225998205	748	*	135.75960	0.4169066	0.19983704	2.086233	3.695753e-02	3.168763e-01
chr19	11200023	11200231	209	*	22.21271	-1.2040178	0.57714550	-2.086160	3.696414e-02	3.168763e-01
chr3	39424731	39425992	1262	*	103.24981	0.4702116	0.22550217	2.085175	3.705339e-02	3.173042e-01
chr2	74880980	74881858	879	*	207.39874	0.3661141	0.17569319	2.083826	3.717598e-02	3.178584e-01
chr8	97273520	97275185	1666	*	172.52666	0.3941766	0.18916960	2.083721	3.718559e-02	3.178606e-01
chr5	54522200	54523520	1321	*	74.51022	0.5852369	0.28108055	2.082097	3.733362e-02	3.181854e-01
chr6	41039614	41041630	2017	*	270.06880	0.3324213	0.15966090	2.082046	3.733829e-02	3.181854e-01
chr17	45331035	45331650	616	*	49.11506	-0.6995590	0.33602532	-2.081864	3.735491e-02	3.182304e-01
chr13	50017812	50018802	991	*	379.22220	0.2746427	0.13192596	2.081794	3.736126e-02	3.182304e-01
chr7	65235347	65236287	941	*	157.80807	0.4354695	0.20922002	2.081395	3.739777e-02	3.183396e-01
chr1	26437387	26438950	1564	*	111.91987	0.4890015	0.23500613	2.080803	3.745193e-02	3.185657e-01
chr11	76091660	76092626	967	*	224.72176	0.3199224	0.15382856	2.079733	3.755000e-02	3.191059e-01
chr17	27229718	27230405	688	*	56.53826	0.7869017	0.37844770	2.079288	3.759091e-02	3.191643e-01
chr17	48132689	48134034	1346	*	48.29964	-0.7708799	0.37084040	-2.078738	3.764147e-02	3.193541e-01
chr11	71497591	71498804	1214	*	1241.81717	0.3158300	0.15201327	2.077648	3.774183e-02	3.196768e-01
chr2	201374479	201375167	689	*	76.36917	0.5787509	0.27877335	2.076063	3.788816e-02	3.204458e-01
chr21	45431518	45432974	1457	*	72.66515	0.6067380	0.29232267	2.075576	3.793314e-02	3.205913e-01
chr5	131563022	131563989	968	*	41.71536	-0.7470143	0.35996108	-2.075264	3.796208e-02	3.207184e-01
chr15	76628567	76629236	670	*	95.24757	0.5234679	0.25249735	2.073162	3.815720e-02	3.217192e-01
chr16	67281236	67281690	455	*	66.30008	0.6149867	0.29666688	2.072987	3.817346e-02	3.217976e-01
chr19	17580260	17581544	1285	*	317.59809	0.3040295	0.14668971	2.072603	3.820925e-02	3.220404e-01
chr21	9968175	9968917	743	*	151.42325	-0.4219843	0.20362044	-2.072406	3.822757e-02	3.221360e-01
chr2	128283682	128284758	1077	*	121.00868	0.4642484	0.22410236	2.071591	3.830359e-02	3.224235e-01
chr2	220252080	220253439	1360	*	275.74034	0.3429354	0.16577360	2.068698	3.857448e-02	3.237917e-01
chr20	24972911	24973753	843	*	135.50614	0.4221380	0.20407353	2.068558	3.858757e-02	3.237917e-01
chr6	10722895	10723676	782	*	120.36338	0.4632530	0.22397962	2.068282	3.861352e-02	3.237917e-01
chr2	172015966	172017858	1893	*	100.17719	0.5194876	0.25120711	2.067965	3.864327e-02	3.237917e-01
chr11	73088043	73088253	211	*	18.10106	-1.1569420	0.56013528	-2.065469	3.887866e-02	3.249241e-01
chr9	71939642	71940527	886	*	16.58784	1.1936141	0.57799035	2.065111	3.891251e-02	3.250857e-01
chr4	6271124	6271752	629	*	114.83480	0.4898637	0.23732428	2.064111	3.900716e-02	3.256370e-01
chr10	100174665	100175402	738	*	74.15294	0.5485005	0.26603595	2.061753	3.923121e-02	3.269528e-01
chr1	224301510	224302460	951	*	55.09905	0.6562994	0.31849656	2.060617	3.933959e-02	3.276785e-01
chr19	3093937	3094551	615	*	51.64906	0.7444998	0.36147123	2.059638	3.943318e-02	3.280747e-01
chr3	101659404	101659877	474	*	27.30753	-1.1955417	0.58056151	-2.059285	3.946694e-02	3.281694e-01
chr1	142890560	142891329	770	*	55.45866	-0.9007837	0.43757075	-2.058601	3.953245e-02	3.282631e-01
chr7	95950530	95951775	1246	*	301.80942	0.3161310	0.15365123	2.057459	3.964213e-02	3.288338e-01
chr17	66507682	66509301	1620	*	251.30809	0.3773269	0.18341552	2.057224	3.966465e-02	3.289321e-01
chr16	56965109	56967096	1988	*	197.18287	0.3638707	0.17687778	2.057187	3.966823e-02	3.289321e-01
chr1	112281164	112282531	1368	*	137.84740	0.4353595	0.21165593	2.056921	3.969384e-02	3.290262e-01
chr11	59333325	59334023	699	*	47.65387	-0.8200911	0.39887960	-2.055986	3.978382e-02	3.292962e-01
chr14	59654735	59655861	1127	*	155.69041	0.3753001	0.18261508	2.055143	3.986521e-02	3.297362e-01
chr11	93861532	93862786	1255	*	72.21806	0.5749823	0.27981217	2.054887	3.988997e-02	3.297541e-01
chr1	36771727	36772980	1254	*	186.54158	0.3863396	0.18802791	2.054693	3.990867e-02	3.298002e-01
chr7	142247039	142247212	174	*	15.31981	-1.2464283	0.60671971	-2.054373	3.993964e-02	3.299336e-01
chr5	38845370	38846450	1081	*	80.04630	-0.5658245	0.27544956	-2.054186	3.995772e-02	3.299336e-01
chr16	838096	838860	765	*	61.62524	0.6396361	0.31145202	2.053723	4.000253e-02	3.301031e-01
chr1	153630911	153631606	696	*	65.61379	0.6849099	0.33352192	2.053568	4.001754e-02	3.301680e-01
chr6	155584535	155585250	716	*	30.48742	1.0092299	0.49162387	2.052850	4.008717e-02	3.304611e-01
chr5	110847901	110848746	846	*	75.93118	-0.5666047	0.27601147	-2.052830	4.008903e-02	3.304611e-01
chr15	63902451	63903046	596	*	95.23879	0.5927837	0.28895550	2.051471	4.022114e-02	3.311375e-01
chr1	26218776	26219304	529	*	37.95117	-0.6898793	0.33630969	-2.051322	4.023564e-02	3.311734e-01
chr4	154265457	154266189	733	*	42.58145	-0.7373844	0.35989116	-2.048909	4.047098e-02	3.320041e-01
chr17	73780473	73781718	1246	*	229.84461	0.2878629	0.14055127	2.048099	4.055028e-02	3.322995e-01
chr6	27655152	27656277	1126	*	45.17936	-0.8524257	0.41651602	-2.046562	4.070114e-02	3.329516e-01
chr13	91999355	92000450	1096	*	129.90434	0.4713486	0.23036144	2.046126	4.074394e-02	3.331825e-01
chr15	100879324	100879679	356	*	23.27854	-1.0227180	0.49986854	-2.045974	4.075893e-02	3.331825e-01
chr17	45972975	45974143	1169	*	478.64254	0.2106306	0.10296324	2.045688	4.078710e-02	3.331825e-01
chr19	12832984	12833853	870	*	78.93116	0.5539090	0.27085426	2.045044	4.085047e-02	3.334051e-01
chr11	34937313	34938424	1112	*	124.28248	0.4353368	0.21297492	2.044075	4.094610e-02	3.338471e-01
chr10	104261747	104262835	1089	*	516.66330	0.2152588	0.10531343	2.043983	4.095524e-02	3.338471e-01
chr9	77702725	77703887	1163	*	136.65689	0.4234865	0.20724609	2.043399	4.101293e-02	3.340813e-01
chr16	57278628	57279493	866	*	178.47617	0.3940775	0.19309147	2.040885	4.126224e-02	3.356975e-01
chr5	162932222	162933018	797	*	148.25452	0.4092969	0.20057235	2.040644	4.128618e-02	3.357598e-01
chr18	60381990	60383143	1154	*	286.20420	0.2737819	0.13426368	2.039136	4.143650e-02	3.366405e-01
chr1	150946483	150947465	983	*	67.56812	0.6026879	0.29561187	2.038781	4.147189e-02	3.368619e-01
chr7	27702119	27702859	741	*	201.54013	0.3169242	0.15548451	2.038301	4.151988e-02	3.369779e-01
chr17	79533508	79534124	617	*	46.24598	-0.7738914	0.37967843	-2.038281	4.152182e-02	3.369779e-01
chr8	144099813	144100614	802	*	66.28782	0.6674571	0.32748752	2.038115	4.153846e-02	3.370537e-01
chr1	180991185	180992424	1240	*	112.78715	0.4794725	0.23535658	2.037218	4.162825e-02	3.374856e-01
chr17	18759199	18759712	514	*	122.51092	0.4254024	0.20893723	2.036030	4.174738e-02	3.379766e-01
chr8	135816607	135817429	823	*	155.31243	0.4056734	0.19927204	2.035777	4.177279e-02	3.380642e-01
chr1	246729230	246730250	1021	*	257.61005	0.3532148	0.17355333	2.035195	4.183129e-02	3.384167e-01
chr17	36507382	36508102	721	*	63.72275	0.5800815	0.28505538	2.034978	4.185306e-02	3.384167e-01
chr3	126194095	126195400	1306	*	156.82366	0.4007894	0.19702817	2.034173	4.193414e-02	3.387832e-01
chr18	39534932	39535552	621	*	25.65768	0.9732681	0.47846908	2.034130	4.193854e-02	3.387832e-01
chr19	51857983	51858545	563	*	71.05930	0.5696817	0.28006697	2.034091	4.194242e-02	3.387832e-01
chr9	27572600	27574181	1582	*	97.30929	0.5408079	0.26591835	2.033737	4.197815e-02	3.388986e-01
chr3	130568890	130569631	742	*	83.35405	-0.5609738	0.27583480	-2.033731	4.197873e-02	3.388986e-01
chr1	153538324	153539371	1048	*	259.64007	-0.3236121	0.15921716	-2.032520	4.210103e-02	3.395297e-01
chr2	102003575	102004224	650	*	25.34986	-0.9606967	0.47299698	-2.031084	4.224645e-02	3.401309e-01
chr20	47444246	47445139	894	*	53.56742	0.6240838	0.30730811	2.030808	4.227445e-02	3.401309e-01
chr5	10563749	10564916	1168	*	36.92505	-0.8658969	0.42639389	-2.030744	4.228094e-02	3.401309e-01
chr2	65215644	65216634	991	*	225.50949	0.2972252	0.14646741	2.029293	4.242848e-02	3.407284e-01
chr3	50306292	50306656	365	*	36.89282	-0.7095826	0.34970455	-2.029092	4.244896e-02	3.407284e-01
chr20	47804516	47805244	729	*	160.15514	0.4354339	0.21461393	2.028917	4.246674e-02	3.407526e-01
chr4	148652819	148653877	1059	*	52.65956	-0.6880207	0.33912461	-2.028814	4.247727e-02	3.407612e-01
chr4	170541167	170541897	731	*	107.95408	0.4684256	0.23095923	2.028175	4.254244e-02	3.408860e-01
chr10	32634982	32636456	1475	*	106.67962	0.4784854	0.23597343	2.027709	4.258998e-02	3.409710e-01
chr20	30310576	30311868	1293	*	195.06623	0.3428673	0.16915186	2.026979	4.266455e-02	3.413904e-01
chr17	49243269	49244667	1399	*	215.11125	0.3694710	0.18233150	2.026370	4.272693e-02	3.415939e-01
chr9	117880455	117881452	998	*	32.35154	-0.8782974	0.43347315	-2.026186	4.274569e-02	3.416251e-01
chr12	53399717	53400858	1142	*	97.57754	0.4836379	0.23874659	2.025737	4.279170e-02	3.416970e-01
chr6	31782002	31783527	1526	*	161.89737	-0.3729332	0.18415011	-2.025159	4.285108e-02	3.419937e-01
chr1	178511347	178512668	1322	*	198.54630	-0.3641005	0.17995079	-2.023334	4.303873e-02	3.428985e-01
chr8	57905883	57906937	1055	*	171.80510	0.3812808	0.18852559	2.022435	4.313141e-02	3.432222e-01
chr19	58858368	58859347	980	*	60.75815	0.5668070	0.28050765	2.020647	4.331631e-02	3.439812e-01
chr12	116971098	116972219	1122	*	82.01611	0.4986269	0.24678261	2.020511	4.333043e-02	3.439812e-01
chr5	39073593	39075229	1637	*	166.85901	0.3796083	0.18794046	2.019833	4.340073e-02	3.443563e-01
chr17	80250428	80251095	668	*	149.07611	0.4077954	0.20211471	2.017643	4.362845e-02	3.456283e-01
chr8	92082040	92082805	766	*	200.04429	0.3325231	0.16482916	2.017380	4.365583e-02	3.456541e-01
chr16	30441130	30441989	860	*	143.20170	0.3977798	0.19735666	2.015538	4.384834e-02	3.464446e-01
chr20	48770019	48770694	676	*	139.31180	0.4386441	0.21763462	2.015507	4.385157e-02	3.464446e-01
chr11	114310003	114310913	911	*	62.49200	0.6182211	0.30680576	2.015024	4.390209e-02	3.465176e-01
chr19	6424774	6425666	893	*	425.00574	0.2453190	0.12176351	2.014716	4.393436e-02	3.466834e-01
chr6	15248481	15249264	784	*	61.76670	0.6019905	0.29893685	2.013772	4.403352e-02	3.472285e-01
chr19	58330682	58331493	812	*	63.03760	0.6151507	0.30549122	2.013644	4.404689e-02	3.472308e-01
chr6	31164702	31165877	1176	*	28.12993	-0.8612216	0.42776610	-2.013300	4.408306e-02	3.473808e-01
chrX	103035568	103036210	643	*	111.43826	0.4291914	0.21330342	2.012117	4.420761e-02	3.479474e-01
chr9	36572602	36573253	652	*	15.49804	1.3175522	0.65497924	2.011594	4.426276e-02	3.482034e-01
chr20	9048274	9050051	1778	*	109.65812	0.5416143	0.26951644	2.009578	4.447590e-02	3.491660e-01
chr6	2988722	2990284	1563	*	139.02674	-0.4107412	0.20442044	-2.009296	4.450573e-02	3.492814e-01
chr2	201980716	201982261	1546	*	52.16218	-0.6643198	0.33068899	-2.008896	4.454815e-02	3.494955e-01
chr12	110151300	110152143	844	*	129.23789	0.4131164	0.20580824	2.007288	4.471903e-02	3.503598e-01
chr1	68150615	68151302	688	*	363.44935	0.2672749	0.13319600	2.006628	4.478926e-02	3.505394e-01
chr19	55700623	55701234	612	*	92.84971	0.4784160	0.23844181	2.006427	4.481074e-02	3.505394e-01
chr11	62009549	62010090	542	*	18.82118	1.7187970	0.85722905	2.005062	4.495647e-02	3.511473e-01
chr12	51318065	51318761	697	*	20.58591	1.0487919	0.52323056	2.004455	4.502139e-02	3.511967e-01
chr12	42719611	42720226	616	*	51.09214	0.7289212	0.36365448	2.004433	4.502366e-02	3.511967e-01
chr3	88107570	88108741	1172	*	512.64573	0.2233270	0.11144215	2.003972	4.507305e-02	3.515018e-01
chr11	111944702	111945361	660	*	40.85231	0.8241451	0.41194430	2.000623	4.543306e-02	3.533458e-01
chr14	31926121	31926838	718	*	78.75210	0.5643090	0.28210455	2.000354	4.546206e-02	3.533624e-01
chr12	53472759	53473633	875	*	315.73173	0.3054600	0.15271818	2.000155	4.548355e-02	3.533885e-01
chr5	133561181	133562335	1155	*	112.25302	0.4330599	0.21652300	2.000064	4.549335e-02	3.533885e-01
chr14	91108103	91109051	949	*	16.95001	1.2158256	0.60792243	1.999968	4.550369e-02	3.533885e-01
chr12	65218163	65218802	640	*	21.44309	1.0741629	0.53755294	1.998246	4.569002e-02	3.541220e-01
chr20	361217	361903	687	*	56.63777	-0.6973176	0.34901238	-1.997974	4.571950e-02	3.542897e-01
chr12	22199039	22199936	898	*	55.98004	0.6899372	0.34535550	1.997759	4.574276e-02	3.543510e-01
chr15	42066222	42067133	912	*	216.65247	0.3175360	0.15897573	1.997387	4.578321e-02	3.543670e-01
chr15	44719082	44720128	1047	*	218.96798	0.3179281	0.15924615	1.996457	4.588419e-02	3.546134e-01
chr4	83933612	83934506	895	*	116.22270	0.4206122	0.21083244	1.995007	4.604211e-02	3.552780e-01
chr20	42218924	42219880	957	*	144.13278	0.4343928	0.21779384	1.994514	4.609593e-02	3.553614e-01
chr17	1633481	1634028	548	*	25.94041	1.0214460	0.51214004	1.994466	4.610112e-02	3.553614e-01
chr1	154965550	154966036	487	*	18.49058	-1.1897347	0.59678861	-1.993561	4.620001e-02	3.557439e-01
chr1	161410014	161410752	739	*	47.79940	-0.9271231	0.46533328	-1.992385	4.632881e-02	3.562586e-01
chr1	198905908	198906795	888	*	67.84144	-0.5324614	0.26735887	-1.991561	4.641929e-02	3.564810e-01
chr15	45315131	45316112	982	*	77.93908	0.5277589	0.26507122	1.991008	4.648001e-02	3.566152e-01
chr1	210501939	210502852	914	*	60.36232	-0.6310884	0.31711767	-1.990076	4.658254e-02	3.569034e-01
chr7	100136236	100137085	850	*	717.48075	0.1774304	0.08917107	1.989776	4.661565e-02	3.570662e-01
chr9	32550548	32551417	870	*	33.83882	0.8158346	0.41013248	1.989198	4.667938e-02	3.571108e-01
chr2	240006760	240007560	801	*	24.69747	1.0126541	0.50917497	1.988814	4.672178e-02	3.571125e-01
chr20	35233454	35234584	1131	*	163.17761	0.3601551	0.18109637	1.988748	4.672901e-02	3.571125e-01
chr10	104473477	104474660	1184	*	393.18119	0.2444603	0.12296314	1.988078	4.680308e-02	3.574379e-01
chr11	89955589	89956651	1063	*	67.73229	0.5639062	0.28372438	1.987514	4.686546e-02	3.577056e-01
chr16	68117956	68119803	1848	*	136.20703	-0.3963648	0.19957854	-1.986009	4.703231e-02	3.584457e-01
chr5	271173	272026	854	*	234.89592	0.3284171	0.16543541	1.985168	4.712575e-02	3.585912e-01
chr8	23539861	23540843	983	*	61.69985	0.6210090	0.31282828	1.985143	4.712852e-02	3.585912e-01
chr3	98450587	98452109	1523	*	57.47924	-0.5828450	0.29372058	-1.984352	4.721663e-02	3.590501e-01
chr7	91569666	91570596	931	*	114.82271	0.5219771	0.26307486	1.984139	4.724034e-02	3.591297e-01
chr7	120497349	120498259	911	*	25.52901	-0.9072164	0.45750249	-1.982976	4.737011e-02	3.597136e-01
chr17	65713541	65714513	973	*	137.96407	0.4269235	0.21534726	1.982489	4.742458e-02	3.599089e-01
chr9	37485563	37486204	642	*	47.50966	0.6897362	0.34791650	1.982476	4.742596e-02	3.599089e-01
chr1	147400212	147401062	851	*	98.28426	0.5457049	0.27526559	1.982467	4.742702e-02	3.599089e-01
chr13	50975157	50975722	566	*	55.19429	0.7114094	0.35893498	1.982001	4.747917e-02	3.601863e-01
chr19	11615841	11617005	1165	*	95.34033	0.4801370	0.24240296	1.980739	4.762056e-02	3.607846e-01
chr16	29690214	29691218	1005	*	24.96197	0.9007943	0.45501993	1.979681	4.773940e-02	3.614469e-01
chr15	44486792	44487874	1083	*	127.43856	0.4092732	0.20678013	1.979267	4.778590e-02	3.615032e-01
chr1	6453181	6454250	1070	*	165.09652	0.4090219	0.20678346	1.978020	4.792640e-02	3.618161e-01
chr14	96000771	96001616	846	*	227.46644	0.3207935	0.16222466	1.977465	4.798914e-02	3.619139e-01
chr18	51750656	51751273	618	*	97.26893	0.4968097	0.25125488	1.977314	4.800618e-02	3.619241e-01
chr1	38512247	38513242	996	*	138.83830	0.4103230	0.20756484	1.976842	4.805944e-02	3.620891e-01
chr6	165722674	165723240	567	*	18.92579	-1.2320507	0.62331375	-1.976614	4.808527e-02	3.621655e-01
chr3	53216488	53217299	812	*	124.68258	0.4551485	0.23034095	1.975977	4.815733e-02	3.623017e-01
chr11	67055757	67057306	1550	*	140.99691	0.3879730	0.19644524	1.974968	4.827179e-02	3.624467e-01
chr16	88519067	88519816	750	*	75.79400	0.5254467	0.26608185	1.974756	4.829587e-02	3.625096e-01
chr8	61326087	61326905	819	*	51.40564	0.9433825	0.47777163	1.974547	4.831958e-02	3.625945e-01
chr10	74451714	74452527	814	*	81.67969	0.5475607	0.27735410	1.974230	4.835564e-02	3.627723e-01
chr20	58514953	58516161	1209	*	162.96597	0.3496149	0.17709453	1.974171	4.836230e-02	3.627723e-01
chr3	197353828	197355314	1487	*	66.80476	-0.6879870	0.34858024	-1.973683	4.841777e-02	3.630704e-01
chr5	141704098	141706192	2095	*	112.69950	-0.5578797	0.28273962	-1.973122	4.848168e-02	3.632563e-01
chr8	85094403	85095765	1363	*	106.04281	0.4873788	0.24702975	1.972956	4.850061e-02	3.632784e-01
chr18	61034037	61035232	1196	*	201.71027	0.3427716	0.17376902	1.972570	4.854455e-02	3.634896e-01
chr3	170074451	170075619	1169	*	260.45185	0.2784103	0.14115588	1.972360	4.856847e-02	3.635508e-01
chr6	119030979	119031941	963	*	56.82091	1.0676688	0.54136676	1.972173	4.858989e-02	3.636521e-01
chr17	43128575	43129696	1122	*	145.72917	0.3855223	0.19557211	1.971254	4.869484e-02	3.642604e-01
chr4	178363046	178363871	826	*	113.49120	0.4523081	0.22949967	1.970844	4.874171e-02	3.644046e-01
chr18	12407657	12408279	623	*	42.26475	0.7144636	0.36259562	1.970414	4.879092e-02	3.645853e-01
chr16	446658	447625	968	*	31.80744	-0.8229663	0.41774171	-1.970036	4.883423e-02	3.647712e-01
chr8	120428170	120429497	1328	*	78.74822	-0.5531422	0.28093710	-1.968918	4.896247e-02	3.650339e-01
chr2	18059529	18060603	1075	*	38.18817	0.8103803	0.41173803	1.968194	4.904572e-02	3.651702e-01
chr19	48281462	48282034	573	*	18.06291	1.1433287	0.58126653	1.966961	4.918769e-02	3.659900e-01
chr17	72772152	72772915	764	*	62.40915	0.5901932	0.30021454	1.965905	4.930960e-02	3.664519e-01
chr17	16556614	16557332	719	*	85.89536	0.5225402	0.26583513	1.965655	4.933848e-02	3.665493e-01
chr18	45456381	45458279	1899	*	196.06670	0.3642472	0.18553306	1.963247	4.961750e-02	3.678071e-01
chr17	56595026	56596237	1212	*	757.69514	0.2038579	0.10386643	1.962693	4.968187e-02	3.680595e-01
chr2	136577494	136578027	534	*	12.97312	-1.5355091	0.78272350	-1.961752	4.979141e-02	3.681677e-01
chr12	56121490	56124318	2829	*	489.41808	0.2405537	0.12269660	1.960558	4.993066e-02	3.684891e-01
chr4	100871209	100872038	830	*	177.65737	0.3820604	0.19489983	1.960291	4.996176e-02	3.686597e-01
