"kinase","logFC","AveExpr","t","P.Value","adj.P.Val","B","kinase_FDR"
"ACVR1C",-1.92808428090835,3.88288857632999,-6.94589724836887,7.63447291392428e-06,0.00194624527355684,4.03886609499481,0.00363400910702796
"PIM1",0.957005131751797,4.49283765869189,6.34968794487868,1.98637706765591e-05,0.00365431946106389,3.12191380732503,0.00419650535309963
"TESK2",-1.44002468664609,2.79471982624228,-6.17684814173018,2.64485631497876e-05,0.00444367423587641,2.84587953517632,0.00419650535309963
"TRIB3",0.944223114642724,6.0023218962589,5.83814226445661,4.6912043799807e-05,0.00648949939230663,2.29164685221402,0.00558253321217703
"ERBB3",-1.51752035663425,5.02362116413883,-5.44171684291292,9.36166199133985e-05,0.00960108380663561,1.62092238514409,0.00891230221575553
"SNRK",-0.9089420834345,3.94191740689796,-4.73551752785535,0.000337795759064921,0.0220153954787098,0.370697171471312,0.0216116291632427
"CDK2",-0.880833437647585,7.92687936420943,-4.69979031751584,0.000361062508897751,0.0226075806009838,0.305724901528619,0.0216116291632427
"STK32A",-1.2668494796857,6.36257603927417,-4.69659789089007,0.000363220658205759,0.0226631910688174,0.299911896079817,0.0216116291632427
"PRKCE",-1.0870059131003,4.84126226412117,-4.45518152830127,0.000571988167270534,0.0308372472656878,-0.143014192173831,0.0302518186245304
"PTK2",-0.390163274053349,7.90511984931292,-3.83593098844711,0.00188387586548877,0.0686407097705582,-1.30344672566336,0.083007604249672
"PDK4",-2.23792732994738,0.567913413518173,-3.82666447058252,0.00191824295534956,0.0694341694487078,-1.32099785647861,0.083007604249672
"DDR2",0.591309858056475,7.44569077030034,3.75731032867814,0.00219655299485508,0.0750909735501703,-1.45245841079254,0.0871299354625849
"TRIB2",-0.417032120794191,8.92627749801523,-3.61364185665203,0.0029107335387433,0.08774277360712,-1.72519363711263,0.106577628033985
"KDR",0.942778162008777,-1.89929121197447,3.45271610794049,0.0039940161106321,0.105950189623313,-2.0308945880427,0.122507405163484
"MLKL",0.767527506420767,2.85176832424816,3.42414307986324,0.00422515573876416,0.110230854032524,-2.08514720930904,0.122507405163484
"HIPK3",-0.535344532729785,6.24806088575075,-3.36626839369454,0.00473536265256093,0.117733950601069,-2.19497618058699,0.122507405163484
"STKLD1",-1.43798835241704,1.0703835485435,-3.3651023095013,0.00474625474207699,0.117798214008851,-2.19718805683626,0.122507405163484
"PRKG1",1.26718217250853,2.89197781569746,3.3551993996482,0.00483977434426796,0.11866439892571,-2.21597046740013,0.122507405163484
"LIMK2",-0.605288698968034,5.26825406419652,-3.34995972785839,0.00489000146660964,0.119210486573291,-2.22590695251199,0.122507405163484
"ABR",0.467083186987269,7.42818989250548,3.31222132727177,0.00526753297357218,0.123320100331994,-2.29744316281785,0.125367284771018
"DCLK1",0.86570651543042,3.45239911730768,3.23233247066723,0.006165778629319,0.136681142410183,-2.4486637355847,0.129766998981698
"PXK",0.461317005098656,6.04948191263284,3.22701561777785,0.00623072635856698,0.137608059243351,-2.45871571007739,0.129766998981698
"RPS6KA2",1.21954705417027,5.0360439591619,3.22380674941745,0.00627025415247699,0.137656717274561,-2.46478153529189,0.129766998981698
"LIMK1",0.431177512048376,5.41468352631369,3.19568490254898,0.00662755009739581,0.142320856182946,-2.51791360583907,0.131446410265017
"CSNK1D",0.54983790747955,7.95506469848411,3.13567298086945,0.00745931430363703,0.15060664760476,-2.63111486925192,0.142025344341249
"GRK7",-1.52236813267885,-1.12913116695245,-3.08027327603746,0.00831898005013141,0.157927871270846,-2.73536236909749,0.152301327071637
"MAPK12",0.512297194935666,4.72830250504048,3.05766121179372,0.00869750036770446,0.159023457030416,-2.7778332054118,0.153333710186197
"GRK5",0.692259995884004,3.60919878448894,2.99972934898147,0.00974691313193449,0.168703845624996,-2.8864095272596,0.165697523242886
"CDKL1",-0.918936550968503,3.77736338069191,-2.98135210072666,0.0101052782078272,0.172563339348016,-2.92077665021194,0.16586594575606
"CDKL3",-0.722111134946787,2.47803042904319,-2.93816368305501,0.010999492355419,0.180244206687284,-3.00138664475854,0.173303216186754
"TGFBR1",0.761525940284142,7.41477123512715,2.92503131847516,0.0112865539953558,0.182266502736871,-3.02585209443676,0.173303216186754
"PRKCQ",1.32821522653997,-1.18529693582819,2.88671598127572,0.0121669207900728,0.189700432474589,-3.0971033814451,0.180982946752333
"DCLK2",0.79379129256917,3.37315220351351,2.80001138124163,0.0144157248173584,0.207793707080582,-3.25756118833214,0.207935909486746
"NIM1K",-0.765499427495163,2.7971206569813,-2.76585943237251,0.0154091534207389,0.216612728038914,-3.32043819610845,0.210633886531985
"EGFR",0.962313853921424,4.15740094276943,2.75626621944054,0.0157000383404167,0.218596159451786,-3.33806463567726,0.210633886531985
"FLT4",-0.784366743579147,-0.510285322803045,-2.74875157027127,0.0159316350146008,0.219536700259113,-3.35186074340019,0.210633886531985
"BRSK1",-1.49938338064556,0.144196189779743,-2.73472729837499,0.016372802104377,0.223373588342972,-3.37758106276009,0.210633886531985
"DSTYK",-0.413880451333957,6.95347986356242,-2.71711092533444,0.0169438701920609,0.226338366035619,-3.40983881233694,0.210724695105971
"CHEK2",0.536391057269097,4.36347790440707,2.68917078441883,0.0178895987264238,0.233534635801485,-3.46088186990847,0.210724695105971
"NRBP1",0.319760807516237,7.36130266840975,2.66795154954112,0.018641937205309,0.237958061107825,-3.49954599089959,0.210724695105971
"BMPR1B",-1.11156213811744,3.77522804938783,-2.66357296497802,0.0188009635732284,0.238545263587021,-3.50751321146574,0.210724695105971
"RNASEL",-0.306869366182744,4.86651149576442,-2.6476308673403,0.0193911665831913,0.241872309067178,-3.53648848299261,0.210724695105971
"ROR2",1.61769087198323,0.512976455603963,2.64633876741004,0.0194397819726161,0.241912767992563,-3.53883463878505,0.210724695105971
"MAP3K3",-0.564978902581009,5.29201508848095,-2.63240704565502,0.0199715273968293,0.245850866483196,-3.5641094192336,0.210724695105971
"EPHB1",-2.26104430857881,-0.676793820276997,-2.62991576379957,0.0200680886907194,0.246127177103703,-3.56862479277351,0.210724695105971
"EPHA3",-0.681858182913117,3.81196031826127,-2.62234909168023,0.0203641512077199,0.24822286769246,-3.58233109980038,0.210724695105971
"NEK5",-0.794535633936106,1.42006861897695,-2.59999498125065,0.0212637096298447,0.253438734306536,-3.62275152628794,0.215351612421405
"CAMK1G",-1.5832982889698,-0.794997238182123,-2.5766470130201,0.0222442446889039,0.259613176241654,-3.6648514119933,0.22058875983163
"DMPK",0.747292924985041,5.47993052094783,2.55239975431845,0.023308698498249,0.265120914929179,-3.70844149850573,0.226427356840133
"BCKDK",0.333209557442756,6.87310777605518,2.54071226962945,0.0238391551986633,0.2678299006649,-3.72940337606402,0.226948757491274
"ILK",0.290501660560853,8.08779619396626,2.51792246953319,0.0249071277465243,0.273518581314908,-3.77018334515685,0.232466525634227
"ALPK2",1.03066892493915,2.88166061829466,2.50356522978601,0.0256033965293903,0.276068261781799,-3.79580876466436,0.234369552845957
"AATK",-0.802521803357612,3.88172483198072,-2.46528514053267,0.0275523384867241,0.285275540305186,-3.86387764051554,0.247451190937371
"EPHA2",0.541131281898731,2.75282305939447,2.44795433463569,0.028480719414913,0.287962905863216,-3.89456927279035,0.249104827474047
"PKDCC",0.910282521031983,2.57258827939665,2.44242572953247,0.028783120821581,0.289014923547825,-3.90434314271285,0.249104827474047
"HIPK2",-0.439502463198432,7.90661151957345,-2.42549586878286,0.0297283475379218,0.293111061175467,-3.93422130632818,0.252690954072335
"NUAK2",1.01110773211602,2.3058134810119,2.39915556633409,0.0312581217118563,0.301298380329904,-3.98054921887273,0.26103273569901
"STRADB",-0.330919278802226,6.7039931847847,-2.37250713394744,0.0328819400408712,0.309260529130519,-4.02721780513466,0.269548526786054
"PRKD3",-0.715259877217567,6.39109900397796,-2.36410370114053,0.0334104266394478,0.31182482394401,-4.0418914726624,0.269548526786054
"MAP2K7",0.342442771485373,5.9340403909208,2.29460240395473,0.0381008766856617,0.331987375222477,-4.1624282209016,0.293024091669738
"KALRN",-1.45909846279443,1.3979852084475,-2.29372733307039,0.0381637237788089,0.332048586461651,-4.16393622142826,0.293024091669738
"CDK15",0.878082129776411,2.29763440530268,2.28693249234702,0.0386550665950419,0.333967540750937,-4.17563730343973,0.293024091669738
"PAK1",0.245667088417091,6.27478237619756,2.28348489998753,0.0389066431997854,0.334930524438069,-4.18156853122941,0.293024091669738
"IRAK3",-1.86866863608344,-1.04002784039318,-2.27680893222146,0.0393981971992926,0.337037789559624,-4.19304284628724,0.293024091669738
"IKBKE",0.603695407899643,4.12509414695819,2.24228247535504,0.0420351532181815,0.346794872481946,-4.25214984648369,0.307826660490068
"ALPK1",0.500794039749827,4.19620128114915,2.22105212972022,0.0437380801182844,0.353498223229992,-4.28829454412638,0.311129969550742
"MAP3K11",-0.47332782581555,7.69617951676753,-2.21893045621495,0.0439117763620363,0.354146996979606,-4.29189814254093,0.311129969550742
"INSR",-0.495530444227082,6.46955398896997,-2.21244023956205,0.0444471385072489,0.355836333181631,-4.30291182832408,0.311129969550742
"PRKD1",-0.737380119015541,4.4216045966215,-2.18057350180033,0.0471655913721782,0.366342476844952,-4.35677237196062,0.324664846317886
"TGFBR2",-0.817941024528217,4.57404919846541,-2.17400595718932,0.0477448303408656,0.367878453122948,-4.36782735153302,0.324664846317886
"ERN2",-1.2149508313438,-0.215074802875553,-2.15016868958454,0.0499034512370246,0.374903844262251,-4.40781899376722,0.334563982941179
"STK36",0.522771009128166,4.72394005561641,2.12420582993183,0.0523577633374024,0.382762919605058,-4.45113489316177,0.34259432959316
"CDK16",0.379855997727952,7.00174580053194,2.11842228858887,0.0529195557308049,0.384511616892079,-4.4607490535997,0.34259432959316
"CSNK1G2",0.492820695720631,4.22743114152593,2.11494044154993,0.0532604630039787,0.385884272150223,-4.46653081833381,0.34259432959316
"STK19",-0.556329834272873,2.79709781628112,-2.06689536208766,0.0581771151650278,0.396551039006845,-4.54582572411759,0.36923075758071
"PRKCA",0.617710610715735,6.4480183857923,2.04155669787702,0.0609358419089467,0.405320185378447,-4.58727109788452,0.373001106305584
"NEK6",0.322511100570082,7.44090330607704,2.04093478161194,0.0610050430215468,0.405450649057543,-4.58828501361051,0.373001106305584
"MAPK15",0.76162034986365,-2.0076887056809,2.03988488445218,0.0611220300248647,0.405875407128377,-4.58999630579992,0.373001106305584
"FGFR2",-0.866398792954548,-0.0953545826158783,-2.02906768233333,0.0623394334647354,0.40913835607878,-4.60760115735085,0.375614814293848
"PINK1",-0.333431382695053,4.83917918410761,-1.98736525638195,0.0672440235920396,0.419243476512382,-4.6750068591677,0.39906159376784
"HIPK1",-0.469040794192173,4.86563619531952,-1.98193901325512,0.0679075401159559,0.420038146748435,-4.68372236906448,0.39906159376784
"MAPK13",0.767504797892602,1.19293847704072,1.95685069337167,0.0710537319417668,0.428693897859534,-4.72384979776248,0.40843729133293
"ABL2",0.292674955772182,5.89046837995587,1.95324870436165,0.0715161883474751,0.42917244873391,-4.72958795885601,0.40843729133293
"CAMK2D",0.452404037913873,6.07143378278516,1.9480302064542,0.0721910490519092,0.431081779465448,-4.73789094476708,0.40843729133293
"MAP2K3",-0.210651846471553,5.7155679648587,-1.94232688289632,0.072935230595166,0.433409653669909,-4.74695124099314,0.40843729133293
"LYN",-0.981072968263633,-0.0559634488160993,-1.93050989695389,0.0744993731158353,0.437172414749122,-4.76567658517678,0.412345367478344
"MAP2K2",0.484391449438546,5.07706613268001,1.90516781789221,0.077956843981865,0.444885949393205,-4.80561698410705,0.425491962931109
"OBSCN",0.773314999373917,1.93549087071324,1.90012183568013,0.0786623797015496,0.445669552581021,-4.81353394344319,0.425491962931109
"SMG1",-0.350663143961478,6.85332121081273,-1.88096363255464,0.0813939536616905,0.450332383425641,-4.84348275858875,0.432852155501807
"VRK2",-0.193099568633276,5.17717344081606,-1.87787816594074,0.0818417941074845,0.451105131686395,-4.84828971268712,0.432852155501807
"FER",-0.392500476104589,5.29869249986156,-1.83432503739941,0.0884042826957132,0.464618450077521,-4.91564933183499,0.456927646420336
"MYLK",-0.828520644531025,6.12901436769108,-1.83261019559527,0.0886720703523281,0.464618450077521,-4.91828241340967,0.456927646420336
"DAPK2",0.649308765522073,2.48027450494041,1.82877450258334,0.0892736788174187,0.465659960697211,-4.92416667894682,0.456927646420336
"FRK",-0.334189482731061,4.3852152409931,-1.8156052395197,0.0913671017078238,0.470888558946421,-4.9443132474609,0.462667451201321
"MAP3K5",1.02239650496589,1.68558976918144,1.79728066061048,0.0943529639372136,0.476571933614372,-4.97220040290468,0.470397100793317
"PRKCZ",0.376031903564794,4.45513246539693,1.79416017213776,0.0948700035213412,0.4777390388406,-4.97693220007458,0.470397100793317
"LATS2",-0.546743738204843,4.29394319663559,-1.78452049096685,0.0964831870578601,0.48066512368719,-4.99151777344366,0.473463887005581
"CDK13",-0.280751838083727,4.57571159775729,-1.76320647481738,0.100136871450457,0.489773687395791,-5.02359596237283,0.48637908990222
"IRAK1",0.321538012810074,5.97506738063403,1.74260027264981,0.103785253386013,0.497952984372778,-5.05438119550863,0.495687647807763
"SCYL1",0.274534273157641,7.01919349006603,1.74053193158643,0.104157867920027,0.499247153648372,-5.05745874999011,0.495687647807763
"SLK",-0.263355041690597,5.5710610862024,-1.73490571169928,0.105177421068454,0.501842534483038,-5.06581856580896,0.495687647807763
"PDGFRA",0.38157413957789,5.04641904529013,1.70522375760383,0.110703135402853,0.510464457690931,-5.10963782876013,0.51240377713556
"MAST3",-1.24351010731272,3.24780670054271,-1.70032395646637,0.111639421814532,0.511871912199466,-5.11682495157763,0.51240377713556
"CLK1",-0.373408879765167,6.49156543001235,-1.69546699820821,0.11257436784677,0.513088199152147,-5.12393611951092,0.51240377713556
"STK40",0.473088552517898,3.11589334438905,1.68871708513004,0.11388508931287,0.515499516212314,-5.13379703182637,0.51240377713556
"PIM2",-0.248609576293983,3.74467442903208,-1.67865470903491,0.11586382696134,0.519193061853063,-5.14844984472458,0.51240377713556
"STK38",0.193951489281123,4.75554540549627,1.67165343425106,0.117258269105905,0.521377190540137,-5.15861151535066,0.51240377713556
"PAK3",-0.894787555681151,3.05436397299318,-1.67011764458734,0.117566103477664,0.521377190540137,-5.16083686346775,0.51240377713556
"DAPK1",0.367014115705278,6.14663653165712,1.66672288840964,0.1182490521696,0.522545568336165,-5.16575110127592,0.51240377713556
"EPHB6",-1.25262548233688,-0.93060862010596,-1.65989720030531,0.119632700900875,0.524460416572403,-5.17561213457936,0.51240377713556
"TRPM6",-0.899619077104229,0.170961008345843,-1.65545333387693,0.120541084633426,0.525416623176229,-5.18201789079977,0.51240377713556
"MAPK9",0.435104805059079,2.63282991532549,1.65365444027869,0.120910504718833,0.525943693728243,-5.18460775388069,0.51240377713556
"CAMK4",-0.309459603799064,4.55026896636776,-1.65010612302987,0.121642073143526,0.527216867963865,-5.18971082055225,0.51240377713556
"WNK2",-0.54704977466572,-2.0246517042082,-1.62750926244767,0.126391751373187,0.534688920820994,-5.22203836596325,0.527438561142252
"TAF1",-0.686887902340657,4.43210739209198,-1.61615718421679,0.128837891886726,0.538938626516323,-5.2381666717642,0.527438561142252
"ADCK2",0.373907805663671,2.65958226123287,1.61118174187402,0.129922823288113,0.540480105402616,-5.24521158577519,0.527438561142252
"MAPK11",0.35613373377692,2.96444266199261,1.6096806789917,0.13025168526456,0.541299795888701,-5.24733412718572,0.527438561142252
"RPS6KA5",-0.610363331265288,3.92372651797676,-1.60740521878086,0.130751576081483,0.541862952896902,-5.25054914463156,0.527438561142252
"YES1",0.288938063924003,4.5032888051755,1.60135836259275,0.132088041597387,0.544123433538276,-5.25907788115955,0.528352166389547
"CAMKK1",-0.525851026962807,2.26913143597828,-1.58812503993548,0.135053935923399,0.549233702496138,-5.27766668283747,0.535713945829483
"PAN3",-0.588651155393086,7.24289210123698,-1.57667560106782,0.137666005866972,0.553299521327956,-5.29366485121216,0.54156213878247
"HUNK",-0.541528892673974,0.270421420677491,-1.56487545651644,0.140403273377816,0.558265689266293,-5.31007001299222,0.547802935474101
"BRDT",-0.963012955690695,-1.35583862633939,-1.55461506582871,0.142821060556872,0.563111318081615,-5.32426548276933,0.550980932047282
"WEE1",-0.490012954335565,4.34719284652985,-1.55162270171814,0.14353284784425,0.564296908962468,-5.32839331526078,0.550980932047282
"MAK",-1.45705868941162,0.184750653825394,-1.52719169014261,0.149458056013195,0.573688752324254,-5.3618874709332,0.569136277298245
"ADCK5",0.199496573017763,4.26559992654257,1.51568870075642,0.152318968172153,0.5764352061243,-5.37752866458057,0.572658050256037
"TRRAP",-0.449108616692457,4.04235741302389,-1.50915929752167,0.153963423826923,0.578282312884297,-5.38636991282546,0.572658050256037
"SGK1",0.215477983586417,8.33872524014454,1.50904603731444,0.153992080741119,0.578282312884297,-5.38652303662529,0.572658050256037
"AKT3",-0.33184398144581,3.19151524125392,-1.49944848602249,0.156436856958156,0.580566348294668,-5.39946898651924,0.57723987528746
"EPHB4",-0.283706673221045,4.84507383396211,-1.47936902300803,0.161657609989406,0.588265262422504,-5.42636327669777,0.588306981101885
"DYRK4",-0.299415114922162,4.38116125279316,-1.47841972210161,0.161908013706611,0.588317670731847,-5.42762833865938,0.588306981101885
"TAOK3",0.231203825281759,6.45335612400858,1.47171356787647,0.163686227773644,0.589208751147458,-5.4365485030276,0.590262457729201
"CDK1",-0.344005480607732,5.93819646683726,-1.46680681191528,0.164997654001269,0.59130455520751,-5.44305670419285,0.590517919583491
"PDK1",0.272030678681232,5.94171759593174,1.44778872712451,0.170163932114675,0.599511024393293,-5.46813311810838,0.600974011926707
"ROCK2",-0.290453089479759,5.95223705208763,-1.44303911410821,0.171475010149007,0.60068312166292,-5.47435862782723,0.600974011926707
"CAMK2A",-0.775443107917415,-0.729977942060344,-1.44220234299945,0.171706860550488,0.601103250616356,-5.4754538722899,0.600974011926707
"NLK",-0.320693667370207,2.99552698736674,-1.43438801387449,0.173884649284034,0.605812488573522,-5.48565958804053,0.604153963935766
"VRK3",0.230363599496318,5.69373269972136,1.42847707928813,0.175547176996017,0.607925358721895,-5.49335244370675,0.605510552536986
"TBCK",-0.29992311374951,4.84841854691775,-1.40174503040162,0.183231201607113,0.615675198539456,-5.52785054498091,0.626543524881306
"CDC42BPG",-0.894736504911381,0.954664697925349,-1.39817695666213,0.184277507318031,0.617313461079198,-5.53241866585823,0.626543524881306
"CSNK2A2",-0.425278696335704,7.42004122798369,-1.39022912054301,0.186625819425004,0.620574332775712,-5.54256292270362,0.630027588980866
"SCYL3",-0.300240021363126,4.06374794943438,-1.37778096316898,0.190353168233435,0.62579803918687,-5.55836429350456,0.638085268162783
"AKT2",0.304204630682391,6.03038358690463,1.36637883612743,0.193820585062866,0.630694445741584,-5.57274418804918,0.638699393820268
"LATS1",0.307153557358453,4.68686745743048,1.36417261781038,0.194497422273625,0.631629936391782,-5.57551618400256,0.638699393820268
"MAST1",-0.86644813313124,0.813211213627642,-1.36284992696952,0.194904129315482,0.631725671371752,-5.57717645357039,0.638699393820268
"MYLK3",-0.636964250952356,2.09499160300451,-1.35960900300857,0.195903595583528,0.632581740524737,-5.58123938623901,0.638699393820268
"BRD3",-0.221692442534728,7.18334961732545,-1.35141730026926,0.198448452575454,0.634982926856701,-5.59147613043989,0.642594989291946
"EPHA6",-0.463401092230728,0.148388548881656,-1.34665927861383,0.199938892950638,0.637263685838266,-5.59740042997612,0.643046709760161
"MAP4K2",-0.45937359171823,3.21033041434742,-1.32256532372096,0.20762626286308,0.645844151787862,-5.62715530816949,0.663289269280711
"MARK3",-0.688908985024991,2.73126902527232,-1.31068997298001,0.21150201394203,0.649473332477767,-5.64166908353864,0.671166390909376
"RIOK2",0.277663901984551,5.3568539715567,1.30312566806088,0.214000953589834,0.652001337734857,-5.65086132979911,0.673716238597705
"CDK9",0.438490242837761,4.97817902203621,1.29971243067874,0.215136277871536,0.652126865605363,-5.65499566254275,0.673716238597705
"IRAK2",0.418463341365671,2.47435099068008,1.26461108509443,0.227093425019593,0.663542536890399,-5.69702202775358,0.703368546422689
"STRADA",0.264696775177265,5.16194546441324,1.25910085230363,0.229017501199367,0.665083276797803,-5.70353746446454,0.703368546422689
"MARK2",-0.450172992167923,2.92868526319309,-1.2531756260138,0.23110085963414,0.666935383722104,-5.71051858890495,0.703368546422689
"CDK10",0.258747243830772,5.90588220051186,1.25132502575003,0.231754606402057,0.667580460249349,-5.71269364856921,0.703368546422689
"WNK3",0.576757155139084,3.96113142157811,1.25065006614634,0.231993407118408,0.667867890737637,-5.71348631477536,0.703368546422689
"MAPK3",0.211239108858892,4.59434394721005,1.23745521534303,0.236700846552318,0.673440987432381,-5.72891420335366,0.710006203037824
"PKN3",0.400217579462183,2.21827213291053,1.23616281979562,0.237165937569357,0.673599579170011,-5.73041833993926,0.710006203037824
"PDGFRB",0.486038622624285,4.90909847240963,1.21867505343295,0.243529992841278,0.679179230968026,-5.75064811709991,0.716042797537376
"COL4A3BP",-0.350747642300937,5.75584752602891,-1.21678729084883,0.244224888964392,0.680117531768036,-5.75281811059771,0.716042797537376
"BMX",-0.471965304510017,-1.96066541358945,-1.21509896696673,0.244847681328481,0.680307732783797,-5.75475656785331,0.716042797537376
"FLT1",0.838988001791803,1.29361951052984,1.21129929719085,0.246253844097744,0.68140794664665,-5.75911129090637,0.716042797537376
"MATK",-0.678859623764909,-0.410861448388697,-1.21008696297669,0.246703821000273,0.68180729220224,-5.76049842139872,0.716042797537376
"BRD4",-0.18706038046406,6.0552586932494,-1.20466825477238,0.248722893079167,0.683454464922082,-5.76668477711625,0.717527861246567
"RPS6KA3",-0.335440499080236,3.89458553347337,-1.19390779600286,0.252770425663879,0.687963297279562,-5.77890338307836,0.7206187637978
"STK33",-0.47333744179639,1.89945200558523,-1.19377120810419,0.252822129315615,0.687963297279562,-5.77905791198234,0.7206187637978
"MARK4",-0.556400377730673,2.89300089796073,-1.18304744631847,0.256907096073333,0.689903601057788,-5.79114564206637,0.727903438874442
"ROS1",-0.478871730475404,-0.835894539431248,-1.17402394060301,0.260383710409487,0.695070652544097,-5.80124836475133,0.728910458890829
"STK31",-0.70742302386726,0.0953978026053773,-1.16893146223785,0.262361684891944,0.697038046653247,-5.80692215584182,0.728910458890829
"NEK11",-0.317611567436531,3.11420761606547,-1.16533317299317,0.263766245078477,0.697608567485024,-5.81091908507178,0.728910458890829
"ACVR1",-0.69985453959772,2.57307323634114,-1.15635690805045,0.267295182407363,0.699806709222328,-5.82084595499857,0.728910458890829
"ACVR2A",0.36314079915158,6.79002113652436,1.15501507928183,0.267825799118998,0.700608220047519,-5.82232449603355,0.728910458890829
"PAK2",0.234415055421675,5.89403646500585,1.15360029851475,0.268386135716008,0.700608220047519,-5.82388190040895,0.728910458890829
"FGFR1",0.239876923320341,4.07574265177195,1.14991828618206,0.269848627163146,0.701560599839004,-5.8279277665424,0.728910458890829
"MAPK1",-0.198371823489468,5.56563317488745,-1.14724300810594,0.270915052929656,0.702413996421649,-5.83086076311933,0.728910458890829
"ARAF",0.194880568563407,6.27609938483054,1.14691898062951,0.271044435343858,0.702510958418468,-5.8312156247885,0.728910458890829
"STK38L",-0.229143068588366,5.7891148133874,-1.13917857062348,0.274149148696165,0.704820591265027,-5.83966812494618,0.730630560103634
"RIPK2",0.125785622576381,5.32380526498364,1.13767854849295,0.274753929114602,0.705465304323751,-5.84130069901436,0.730630560103634
"TYRO3",-0.201825334380508,4.54238353211423,-1.12757831530462,0.27885254631815,0.708941723797214,-5.85224728267663,0.735989810134182
"AKT1",0.504754422219974,3.04980548447548,1.12510878905525,0.279861671500603,0.709462941378125,-5.85491148156419,0.735989810134182
"ATR",-0.501859652825823,3.75380030228811,-1.11852308077729,0.282566287018371,0.712262745422452,-5.86199270957596,0.739019519894201
"RPS6KB2",0.235825485751171,5.80743205568351,1.09980742696861,0.29035989485058,0.718650807712705,-5.88192805813238,0.749815166345947
"PNCK",-0.555681815436904,0.13239086902466,-1.09142382615695,0.29390276847193,0.721316861969687,-5.89076707950533,0.749815166345947
"ALK",-0.990689550074157,-1.24652797089436,-1.08965152820835,0.29465584733838,0.721821606387967,-5.8926284154004,0.749815166345947
"EPHA10",-0.383138595995822,-0.839569656319587,-1.08514367432179,0.2965777888441,0.723701715017499,-5.89735132663622,0.749815166345947
"PAK6",-0.980188248674675,0.230808705853378,-1.08094615375347,0.298375790550099,0.725253847021762,-5.90173434555927,0.749815166345947
"FASTK",0.290011476118183,7.22291666705343,1.07574910114572,0.300613141769928,0.726987601962917,-5.9071413112484,0.749815166345947
"CSNK2A1",0.217664542212536,6.05661666008031,1.07425242805158,0.301259766149524,0.727660161439953,-5.90869437517702,0.749815166345947
"ACVR2B",-0.427440535392173,2.5527656767718,-1.06709812156332,0.304364953444846,0.729829695541961,-5.91609309463026,0.749815166345947
"PDK3",-0.182896031138413,3.71739091189563,-1.06145069210386,0.306832756572198,0.732009444927503,-5.92190402129226,0.749815166345947
"PRKD2",0.27677479646777,3.59682148358994,1.05684294118263,0.308857139461672,0.734439000897762,-5.92662587790483,0.749815166345947
"DAPK3",0.229431811085502,7.15850615422008,1.05298546078021,0.310559435213641,0.735631007266045,-5.9305655232617,0.749815166345947
"SYK",-0.681910543611793,-1.1050295725864,-1.05213970847915,0.310933582474517,0.73572394340858,-5.93142766029502,0.749815166345947
"PRKDC",0.174435530687811,8.2458213433733,1.05137335479012,0.311272890627933,0.73572394340858,-5.93220835386616,0.749815166345947
"OXSR1",-0.188384701926062,5.20554549573034,-1.04942599097422,0.312136320654099,0.736071503448701,-5.93418998798813,0.749815166345947
"ROCK1",-0.134852398240422,6.30013782389082,-1.04864016619025,0.312485239544457,0.736271118580126,-5.93498876016657,0.749815166345947
"CDK5",0.171820142257577,5.88744874809911,1.04734805504489,0.313059578891701,0.736372339074298,-5.93630105738255,0.749815166345947
"PLK1",0.17143377719897,6.88204422861885,1.04154918538639,0.315646676654251,0.73784525293977,-5.94217360733159,0.749815166345947
"EEF2K",-1.23437523038134,-0.181729804965506,-1.04117175899162,0.31581560092091,0.73784525293977,-5.94255486939757,0.749815166345947
"FYN",-0.190728636847063,4.03780322672558,-1.03452216252685,0.318802584946023,0.739857906249219,-5.9492527647041,0.749815166345947
"CDK18",-0.202022580207129,3.10151562226857,-1.03291896544027,0.319525806579776,0.740416984510058,-5.95086214038628,0.749815166345947
"TTK",0.243254391638544,4.61968143608803,1.03236913822259,0.319774115059301,0.740416984510058,-5.95141359687551,0.749815166345947
"ULK2",-0.499743847325373,2.7205709930957,-1.0230525119412,0.324002964903095,0.743486901885287,-5.96071973739869,0.752271346870938
"CDK19",-0.250284889882037,3.50242662235327,-1.02140430682267,0.324755291859394,0.744128031137358,-5.96235858514353,0.752271346870938
"CAMK1",-0.504301202688856,1.20899156917043,-1.01963826176477,0.32556280978028,0.744829274426807,-5.96411209589623,0.752271346870938
"MAPKAPK3",-0.137496383980067,5.41403654888806,-1.01447114605732,0.327933793136684,0.746278106595736,-5.96922761906835,0.754030932664389
"MAP3K1",-0.224989532748273,4.3519008838177,-1.00786172671682,0.330984721363296,0.74869088005172,-5.9757385633398,0.754030932664389
"MAP2K5",0.206546112955886,3.37584582879943,0.999933260210474,0.334671400041349,0.752167649085375,-5.98350066089757,0.754030932664389
"JAK1",0.1559117950538,7.39642818685732,0.996878029594732,0.336099890677609,0.752886614473678,-5.98647769981368,0.754030932664389
"EPHA4",0.375822767500036,3.32903543916611,0.995223937443759,0.336875089762481,0.754036377078185,-5.98808618444539,0.754030932664389
"STK35",0.15830396549423,4.02718702845002,0.994917811389957,0.337018697506387,0.754036377078185,-5.98838361736928,0.754030932664389
"MAP3K8",0.367909471786772,0.842550935640694,0.994077760278078,0.337413001381334,0.754150176559357,-5.98919940811563,0.754030932664389
"NTRK3",-0.540382292598388,1.06662792116362,-0.985122963451524,0.341636705843126,0.758773341692879,-5.99785862314787,0.759902205520224
"CDK17",-0.174680731849544,5.70058887199507,-0.978838868194127,0.34462311137817,0.760813666334973,-6.00389483270651,0.762850714985963
"PTK6",0.305468528034407,1.96279307880271,0.974939571854936,0.34648547315487,0.762792017079799,-6.00762349249195,0.762850714985963
"RIPK1",-0.357643845301169,4.45460294049771,-0.970187927662675,0.348764550239134,0.764770631484069,-6.01214974798203,0.762850714985963
"STK17A",0.182308202108564,5.45003830068466,0.968923488417623,0.349372806443151,0.765539996436399,-6.01335097570137,0.762850714985963
"PDIK1L",-0.20394805687077,3.85840657455818,-0.959322481774406,0.354015786036736,0.768728608155945,-6.02242755802707,0.765722774121294
"LTK",0.351442510314323,-2.09791667700065,0.956486752081207,0.355395387413534,0.769897726432211,-6.02509333747816,0.765722774121294
"PHKG1",-0.412400783001105,1.04229790009787,-0.954893404962069,0.356172215134145,0.770748778649377,-6.0265881734808,0.765722774121294
"KIT",-0.266670089354985,-2.19173307831966,-0.952946964338616,0.357122806417914,0.771025168504646,-6.02841132223374,0.765722774121294
"PRKCD",0.599813691312047,3.71575996256376,0.933471989395255,0.366731676373773,0.776774690194657,-6.04647350067041,0.775362948436514
"GSG2",0.305793254011627,2.0503609405637,0.927354860739083,0.369786545924044,0.780027202391044,-6.05207936039251,0.775362948436514
"CDK6",0.365942938444202,6.32234177811836,0.924369662001526,0.371283712981913,0.780998397800902,-6.05480329330901,0.775362948436514
"MAP3K15",-0.461708724889761,0.0328489327600796,-0.920565664250224,0.373197587109771,0.781547369185494,-6.05826316343004,0.775362948436514
"MET",0.204797867964927,6.14929099162345,0.913936156847833,0.37654925079124,0.78370904832863,-6.06426288249913,0.775362948436514
"STK3",-0.183074169359053,6.08334661798495,-0.912769167676739,0.377141375120134,0.78379782761915,-6.06531505113076,0.775362948436514
"TRIM33",-0.241960140220073,5.37368306774948,-0.912328481772746,0.377365142925788,0.78379782761915,-6.06571206913139,0.775362948436514
"STK17B",0.288163146349268,8.31227419176305,0.905335821639542,0.380927997129546,0.78594675019916,-6.07198915128407,0.775362948436514
"MAP3K12",0.366982504597354,4.17036026506074,0.904450542018058,0.38138069291595,0.78594675019916,-6.0727807927342,0.775362948436514
"JAK3",-0.736787798852192,0.412772287941219,-0.902449893727211,0.382405095031471,0.785985642352623,-6.07456730333069,0.775362948436514
"CAMKV",0.439374930788577,-1.91925737343507,0.900014160066597,0.383654806932751,0.786867159850776,-6.07673760263547,0.775362948436514
"ROR1",-0.47315319842911,5.65379695961868,-0.896301298461425,0.385565125761067,0.788314581714739,-6.08003585603418,0.775362948436514
"GAK",-0.184055075557248,5.50308639269126,-0.895299290105555,0.386081779015659,0.788901588562843,-6.08092390087338,0.775362948436514
"CDK14",-0.660045239483953,-1.65003453004587,-0.885636954516339,0.39108796417205,0.791080024584176,-6.08944203033064,0.775362948436514
"MAP2K6",0.262750434952483,3.72465755282855,0.88187453989888,0.393049135979317,0.792980415514921,-6.09273667541262,0.775362948436514
"MAP4K1",0.392085310116132,1.14560932421023,0.88135372468908,0.39332113426651,0.793114640131664,-6.09319175578484,0.775362948436514
"PIK3R4",-0.191143686118154,6.00598044461902,-0.876031187949917,0.3961081235537,0.795559872235878,-6.09782877836001,0.775362948436514
"CLK2",0.223885932415997,3.32828049738673,0.874093945638298,0.397125789030036,0.796090224672918,-6.0995102999373,0.775362948436514
"DDR1",-0.346816242128989,4.02839104122481,-0.873885615334669,0.39723533278396,0.796090224672918,-6.09969093243258,0.775362948436514
"BMPR1A",-0.192118871375121,5.50793415873718,-0.873068347359266,0.397665262456788,0.796090224672918,-6.1003991726126,0.775362948436514
"BAZ1B",0.133204248720168,6.80849880355077,0.868521875378625,0.400062659783463,0.798229145113041,-6.10432832405236,0.775362948436514
"SPEG",0.23396651645927,2.52072097235322,0.866874419020321,0.400933760456748,0.79899451037627,-6.10574756633229,0.775362948436514
"CSNK1E",0.129673298674087,5.83903092196139,0.86535706294542,0.401737190270629,0.799386220235444,-6.1070526001962,0.775362948436514
"TRIB1",0.43375761988514,2.69423758675795,0.864753369196702,0.402057140707245,0.799766990962077,-6.10757125134264,0.775362948436514
"TRPM7",-0.177740331469916,5.27736435927929,-0.864216725699748,0.402341698033233,0.799839903428894,-6.1080320259424,0.775362948436514
"GSK3A",0.283358928276663,2.87474771518336,0.846472648123578,0.411826134476865,0.805550517345134,-6.12312314373027,0.790440483915273
"MUSK",-0.679748859784693,-1.55815732364767,-0.841757879624716,0.414370872947473,0.807378391621626,-6.12708573427959,0.792130664750993
"TLK1",-0.246601146229337,7.40133238375841,-0.830043760893893,0.420738093998857,0.812157605066877,-6.13684475876003,0.801085330973823
"BLVRA",0.114184271429272,6.25073469643348,0.822432200462918,0.424909445573533,0.815038143376285,-6.14311981325451,0.801292027737248
"CSNK1G1",-0.161729126996002,4.75056162364382,-0.818981106529725,0.426809571945685,0.816511236210416,-6.14594772147247,0.801292027737248
"CDK20",-0.182578864506917,3.21309460694413,-0.816262064717575,0.428310515163547,0.817717036813255,-6.14816819272301,0.801292027737248
"LMTK2",0.309375833345118,3.80355637045081,0.815693678253177,0.428624702526763,0.817792723265774,-6.14863151389209,0.801292027737248
"BRAF",0.222206814233158,3.96995913876467,0.813458442517468,0.429861721100739,0.818182887560954,-6.15045073587468,0.801292027737248
"PHKG2",-0.130368778472685,5.71702103063009,-0.810115760933383,0.431715918821694,0.819484158214352,-6.15316285150178,0.801292027737248
"CDK8",0.14846636545342,4.0109645301322,0.808470648362256,0.432630359513598,0.819918542757623,-6.15449391192383,0.801292027737248
"SRC",-0.252622179687426,2.82889697379132,-0.804924337697107,0.434605825399294,0.820452176319088,-6.15735488357117,0.801436060444813
"GRK4",-0.38106113142181,1.82334636844949,-0.800568902915127,0.437039928221459,0.822503429562533,-6.16085298974713,0.801436060444813
"BAZ1A",-0.277819212717341,4.87698918510662,-0.796214297020685,0.43948228060189,0.824799802689772,-6.16433318725588,0.801436060444813
"EPHA5",-0.270786739031612,3.82375559352984,-0.795865638836062,0.439678207611957,0.824807323952975,-6.16461108830782,0.801436060444813
"NUAK1",0.148601360880016,3.79529174078,0.793291301758265,0.44112657108517,0.825602506602848,-6.16665955870702,0.801436060444813
"DYRK3",-0.199829910352686,4.89957908399391,-0.782654118861266,0.447143397733484,0.82902363720388,-6.17505974278846,0.807171034149592
"RET",-0.283639059085193,-2.02833020097909,-0.781719214032973,0.447674691209017,0.829077944500289,-6.17579309337655,0.807171034149592
"ACVRL1",-0.676563845955083,-0.414980267491698,-0.77014853819294,0.454283128171304,0.832366660143444,-6.18480297153394,0.815995354752985
"FES",0.193646872894686,4.49873640569315,0.762443285465864,0.458717646647593,0.834199490416901,-6.19073470332165,0.816505425458678
"EIF2AK3",-0.351216635441603,3.74395920273931,-0.758930324418395,0.460748354022985,0.834665427300655,-6.19342093923583,0.816505425458678
"PLK4",-0.298992822573231,3.73854206961414,-0.758707241254641,0.460877498397176,0.834665427300655,-6.19359113871954,0.816505425458678
"WNK4",-0.472199054788918,-0.383458549345776,-0.75775590482209,0.461428486236102,0.834665427300655,-6.19431643773592,0.816505425458678
"MAP3K13",0.174750767261589,5.83978622386012,0.753028250180141,0.464172679569183,0.836030211643205,-6.1979084095382,0.818319242499745
"RPS6KL1",-0.389060171025884,0.751410318659124,-0.735952581223832,0.474168177424831,0.842313690688718,-6.21070985586358,0.831675610468999
"IKBKB",0.134105456851207,5.38358702197577,0.732413421977354,0.476256240036013,0.843311544988086,-6.21332926940997,0.831675610468999
"AURKB",0.214013753410713,4.72357022784286,0.731171267951709,0.476990423651338,0.843429856327598,-6.21424585371081,0.831675610468999
"PAK4",0.176548255916106,5.16157818901768,0.723997510041203,0.481243986861115,0.846589012769775,-6.21951124370523,0.836029699802521
"BCR",-0.3279707053787,3.50211909790488,-0.719550573744269,0.483892224649587,0.847737752687205,-6.22275110116783,0.836581770784965
"PRKAA1",0.0801810665814946,6.57252815843411,0.717566143154985,0.485076825076996,0.848397132558953,-6.22419091569848,0.836581770784965
"CAMK2G",0.130916277481953,5.20441905062488,0.711497953756371,0.488710036600624,0.85013819822275,-6.22857086988776,0.839095390796998
"STK39",-0.35859426732772,2.37739269251514,-0.707299001970252,0.491233604365676,0.852034228128736,-6.23158143918553,0.839095390796998
"LRRK1",-0.217969037632591,5.13849436492364,-0.703295966660917,0.493646661700136,0.852465354578595,-6.23443614122857,0.839095390796998
"IGF1R",0.323444696526866,2.95977127532879,0.696712832759645,0.497630333087274,0.853920474685888,-6.23909806462308,0.839095390796998
"ERBB2",0.197361172008977,5.19336908217228,0.694079822633421,0.499228972101111,0.854688818500732,-6.24095124737856,0.839095390796998
"SIK3",0.362576359393306,1.67892847022978,0.693707139235055,0.49945549280147,0.854688818500732,-6.24121302447246,0.839095390796998
"NRBP2",0.110360417500831,4.16855642133406,0.688898814898835,0.502383480165211,0.856466083318072,-6.24457870767021,0.839095390796998
"TESK1",0.178904149386383,1.93516416454366,0.682899107373954,0.506051075778284,0.859059281661385,-6.24874773238771,0.839095390796998
"MAP2K1",1.08778969727697,2.63268879426082,0.682763830036405,0.506133950602221,0.859059281661385,-6.24884134077213,0.839095390796998
"DYRK2",0.154360801946534,4.50429742706128,0.682612709414981,0.506226540874904,0.859059281661385,-6.24894589184151,0.839095390796998
"MAP4K5",0.168691332464671,5.25106545467088,0.678213612385954,0.50892616857648,0.86021102356221,-6.25197989259256,0.839095390796998
"CLK4",-0.0959455957973567,4.63728802897506,-0.677410014456757,0.509420224046657,0.86021102356221,-6.25253214595811,0.839095390796998
"ULK4",0.195293668921384,3.5478240000491,0.677360340488659,0.509450772983892,0.86021102356221,-6.25256626313748,0.839095390796998
"ABL1",0.116323735976477,4.88314044110991,0.663226622876824,0.518186061698837,0.864021696004598,-6.26217858884216,0.848147665684795
"BUB1B",0.148127755455531,5.00037463196659,0.662704433637793,0.518510442677049,0.864063031084079,-6.2625300961167,0.848147665684795
"PLK3",0.108824267924324,3.2721540348373,0.655257508623982,0.523149110521211,0.867411680704058,-6.2675146974199,0.848213812949112
"TXK",0.260457739168724,-0.0800160683571125,0.654742250056081,0.523470938357841,0.867411680704058,-6.26785763247771,0.848213812949112
"SRMS",-0.394166351306916,-0.851196985332536,-0.651197394403306,0.525688096922073,0.867942911177278,-6.27021008308788,0.848213812949112
"STK26",-0.115358477200759,4.46222237859552,-0.650374202237991,0.526203732664359,0.867942911177278,-6.27075465820411,0.848213812949112
"CHEK1",0.172089503228901,4.0303895895765,0.645545265043825,0.529234291771052,0.868844078055175,-6.27393616876532,0.848213812949112
"ERBB4",-0.592678769035367,1.01282973700186,-0.645531965126493,0.52924265219724,0.868844078055175,-6.27394490056339,0.848213812949112
"SIK2",-0.1023690684975,4.78139262194734,-0.633268590885182,0.536983204657539,0.872761660417788,-6.28192415784326,0.85390402915301
"MAPK10",0.624456982579904,0.245896869572546,0.630817711956129,0.538537745910087,0.873772398024564,-6.2835015656404,0.85390402915301
"MAP4K4",-0.0839736369607103,6.84481459778247,-0.628116672612265,0.540253863568542,0.874493422701023,-6.28523330208066,0.85390402915301
"CHUK",-0.172394538647757,4.87584127663313,-0.62697002495699,0.540983310754912,0.875076793004115,-6.28596634224139,0.85390402915301
"TSSK3",0.318616078244857,-0.791094339603071,0.625745914379848,0.541762640344977,0.875543770780303,-6.28674750973024,0.85390402915301
"MAP3K2",0.136668037300352,5.66476751389466,0.620347158055577,0.545207180333194,0.876636770586324,-6.29017554551141,0.854890865328847
"TNNI3K",-0.415383195557885,-1.55661979798212,-0.618518882299547,0.546376402078802,0.876700705371269,-6.29133008549804,0.854890865328847
"MAST4",-0.34344672461286,2.39736906442289,-0.616332100072012,0.547776709927097,0.876924319426667,-6.2927067919085,0.854890865328847
"TNIK",-0.198238947679309,6.83272777756128,-0.607634918819681,0.553365435048555,0.879502212023111,-6.29813654477756,0.858958767513682
"CSNK1A1",0.112420765070232,7.33594184196512,0.605665964739997,0.554634970566832,0.880088800668832,-6.29935565128317,0.858958767513682
"ERN1",0.328835750616917,2.19815779932249,0.596744724205306,0.560406970742842,0.881853283964586,-6.30483239946874,0.858958767513682
"ALPK3",-0.582405022269678,-1.01615939739669,-0.590891562196375,0.564211463076708,0.882724316903722,-6.30838378658869,0.858958767513682
"PKN1",-0.122351505164381,4.51504653657394,-0.589320391940878,0.56523505822109,0.88281071843701,-6.30933143330252,0.858958767513682
"PKN2",-0.0824278319549823,6.72530402232545,-0.588028019811764,0.566077764189797,0.882818846577676,-6.31010912804932,0.858958767513682
"BUB1",0.132237843734538,5.71221805688992,0.58693727154704,0.566789520808276,0.882818846577676,-6.31076423238518,0.858958767513682
"EIF2AK2",-0.112183525346802,6.83681239581144,-0.581795435968858,0.57015118970334,0.8850434668189,-6.31383685772085,0.858958767513682
"STK11",-0.334962898396314,3.75990183080004,-0.578204426071095,0.572505206033727,0.885979211764438,-6.31596750585213,0.858958767513682
"STK10",-0.160801997636581,5.24735580094311,-0.576691053177741,0.573498804209605,0.886068065897871,-6.31686167442448,0.858958767513682
"NEK8",0.26226010900136,2.56896912019514,0.575632239893196,0.574194503746875,0.886222186417834,-6.31748594298727,0.858958767513682
"AXL",-0.203552928197963,10.2194419525574,-0.572609946238427,0.576182762450307,0.886745121285639,-6.31926185788092,0.858958767513682
"EIF2AK4",0.0670662399638351,6.60049785873396,0.569651002523603,0.578132841841768,0.886879297490219,-6.32099192312576,0.858958767513682
"CDC42BPB",-0.146300447134277,4.01725678143056,-0.567429022616055,0.57959949592124,0.887654737788752,-6.32228547884524,0.858958767513682
"PDPK1",-0.150762859903815,5.54085169517832,-0.564734637204551,0.581380570832532,0.888628375717904,-6.32384758753775,0.858958767513682
"CSK",-0.0737609352792292,4.8984618669877,-0.56180420531766,0.583320908363489,0.889914495555859,-6.32553849854066,0.858958767513682
"WNK1",-0.145399505636334,5.9191497434644,-0.557332531337748,0.586288212897761,0.89096921523241,-6.32810255658538,0.858958767513682
"STK32B",-0.160941143682603,3.51615048188386,-0.55356527575185,0.588794112123553,0.891951831875119,-6.33024751772217,0.858958767513682
"BMPR2",-0.0847887326606127,6.54222603751632,-0.551261579540381,0.590329189239339,0.89199190363895,-6.33155232501324,0.858958767513682
"TEX14",-0.343936120395404,0.820026180066905,-0.548435003229358,0.592215486611891,0.892725575146917,-6.33314618510728,0.858958767513682
"PRKCH",0.328235329116814,1.60558010547265,0.547791687580004,0.592645228739615,0.893297922701109,-6.33350784602862,0.858958767513682
"SBK1",-0.21637022055489,-1.27419896562374,-0.547517411756016,0.592828496455979,0.893318632996382,-6.33366191574134,0.858958767513682
"SGK2",-0.42472627505208,-0.174887310956873,-0.546609350245171,0.593435458112734,0.893787753617064,-6.33417147709767,0.858958767513682
"TAOK2",0.113928937542902,4.92614770120016,0.543563515937816,0.595473647349169,0.894648621658087,-6.33587474775376,0.858958767513682
"ANKK1",0.2739345713501,-1.55505946395156,0.543529209457302,0.595496624536796,0.894648621658087,-6.33589388053278,0.858958767513682
"ATM",-0.245474592121,3.16658047598553,-0.534299925333997,0.601694336300128,0.897080498467314,-6.3409990683736,0.863894929462345
"NTRK2",-0.882133345901636,1.06506191053317,-0.53033306875331,0.604368104472803,0.898683736540861,-6.34316759720635,0.863894929462345
"SRPK2",0.0656727010445737,7.3965760404419,0.527778223249405,0.606093275475251,0.899252345876668,-6.34455602976956,0.863894929462345
"MAPK4",-0.165851403165157,-2.02936668067216,-0.527652291433253,0.606178374874839,0.899252345876668,-6.34462430119466,0.863894929462345
"RYK",-0.106706506737245,4.94623005878666,-0.520343682543736,0.611127380344128,0.900930740520752,-6.34855972962212,0.868348158339716
"CDKL5",-0.175481139196933,3.48414393765785,-0.516460315976204,0.613765076529813,0.901971324275262,-6.3506293394029,0.869017521119848
"PBK",-0.0685249649394093,5.89133393929166,-0.512627164478356,0.616374131335602,0.903741348434185,-6.35265757517083,0.869017521119848
"ADCK1",0.195773598603868,2.12567421677361,0.507087606619255,0.620154199431584,0.905641572193647,-6.35556304627417,0.869017521119848
"NEK1",-0.160586193799016,4.02898588296172,-0.506314671551245,0.620682525027641,0.905689749394801,-6.355966032277,0.869017521119848
"PRKACA",0.550383478292861,-0.284584231062623,0.506249911011708,0.620726800799891,0.905689749394801,-6.35599976968953,0.869017521119848
"RPS6KB1",0.0820508439369645,6.34197620835298,0.497451324778038,0.626756415248761,0.908863012360973,-6.36054480787281,0.874885787854575
"AMHR2",-0.339166312817944,-1.86120354910816,-0.492451928645112,0.630194912119749,0.909968105763552,-6.36309310382089,0.877113386459066
"POMK",-0.283090015841539,-1.90632016273389,-0.488915686593581,0.632632477375999,0.910768438824219,-6.36488060921147,0.877938948195264
"DYRK1B",0.297779318320601,-1.0736883437187,0.481782059772326,0.63756326850951,0.913033988167259,-6.36844868181845,0.88220963898409
"CLK3",0.0734671793062818,5.929926609948,0.477546107614904,0.640499663888093,0.914377320166641,-6.37054343397205,0.883703884089079
"MINK1",0.110075189384712,5.91660420495676,0.467996187420563,0.64714270450094,0.916917778142179,-6.37520040883394,0.889658838749253
"CASK",-0.326531120504694,2.61920867564106,-0.465973417473461,0.64855381732351,0.916917778142179,-6.37617512145427,0.889658838749253
"MOK",0.0887502379614853,4.84760676196685,0.463218596583533,0.650477878925158,0.916917778142179,-6.37749601305414,0.889734110253952
"NEK7",-0.206738927400359,7.68778652429714,-0.459724465041866,0.652922032893619,0.917869474610398,-6.37916047863569,0.890518302743159
"SGK3",0.140983804941665,4.41963843527726,0.4554938795764,0.655886893143047,0.918481408997378,-6.38115941575202,0.892006174674544
"MAP2K4",0.143839877097701,4.22557755586312,0.44880887468167,0.660584154856795,0.919520787255783,-6.38428152344877,0.893477749187346
"CSF1R",-0.228596575916025,0.840713048816422,-0.44651983659937,0.662196001151708,0.919816894259534,-6.38534028243982,0.893477749187346
"CDK7",0.0795127881697022,4.98205262148794,0.442955681959824,0.664709199858844,0.920561757556114,-6.38697836395889,0.893477749187346
"PRKX",0.144532924653336,2.86943472107332,0.442437836664686,0.665074699146928,0.920561757556114,-6.38721530447263,0.893477749187346
"VRK1",-0.239196172811446,3.9809982538619,-0.440626001116968,0.666354203700647,0.920861981339583,-6.38804219253846,0.893477749187346
"SIK1",-0.0946205521559067,2.63293123191428,-0.437470315907566,0.668585304108456,0.921696929744472,-6.38947451741499,0.893951136954002
"ULK3",0.13274268946261,5.53083871870713,0.426501378935551,0.676365705906466,0.925133958731095,-6.39437530159782,0.898201371038651
"AAK1",0.177875070226569,6.43622024560342,0.425936260943602,0.676767604287306,0.925133958731095,-6.39462450990991,0.898201371038651
"TP53RK",0.0518021249540137,6.70011048808766,0.423188227924522,0.678723398043774,0.92605822225289,-6.39583176520143,0.898201371038651
"WEE2",-0.269618464811258,-0.739519166515898,-0.418378581669943,0.682152249771427,0.927325885363839,-6.39792640635765,0.898201371038651
"TTBK1",-0.219711704227204,-1.78970241661734,-0.418058736234977,0.682380531459461,0.927513395049501,-6.39806487470334,0.898201371038651
"PRKACB",-0.0935115571371856,4.93492102426306,-0.41707070726085,0.683085916630235,0.927712470163076,-6.3984919632343,0.898201371038651
"PRKAA2",-0.219505945524299,-0.90097175612917,-0.413910003046498,0.685344509505756,0.928804020257198,-6.39985160493132,0.898688668112231
"ULK1",0.0935767887045107,3.00352549013359,0.40864521099354,0.689113599926769,0.931023976870153,-6.40209397520967,0.899036836548266
"RIPK4",0.0600778413016849,5.45782112505024,0.40325103675946,0.692984240415347,0.93182923469064,-6.40436240853667,0.899036836548266
"NEK4",0.117800479161196,5.24499498336752,0.40220094032747,0.693738789362718,0.93202190758532,-6.40480058902525,0.899036836548266
"CDK12",0.071703690229989,5.79227694122932,0.400049056802962,0.695286084987758,0.932992952512504,-6.40569503453326,0.899036836548266
"TEC",0.134629262130203,1.68381564741503,0.398790912407793,0.696191399362387,0.933368478526827,-6.40621582069118,0.899036836548266
"CAMK1D",0.318728397910187,0.120893675878225,0.397747700680846,0.696942421609895,0.933844234391694,-6.406646424501,0.899036836548266
"TSSK6",0.149607444474929,0.82736768542951,0.385565846738969,0.705736589201867,0.937936772765267,-6.41159310480212,0.906859679644884
"GSK3B",0.113220078522557,3.5132475696166,0.378216184711663,0.711063694261724,0.939169843085467,-6.41450479112221,0.906859679644884
"MYO3B",-0.155720054352261,0.375329288776329,-0.377421634942721,0.71164053924715,0.939169843085467,-6.41481627977082,0.906859679644884
"DYRK1A",0.147750418193423,4.20294926641368,0.377160155213301,0.711830414336545,0.939169843085467,-6.41491864785485,0.906859679644884
"JAK2",-0.0981951002116324,4.49853862650924,-0.376193395386664,0.712532605435266,0.939263979986875,-6.41529652663921,0.906859679644884
"TTN",0.1452951120776,5.84174875073491,0.37010056937072,0.716964254135966,0.941969155232887,-6.41765618110957,0.909649527279182
"BRSK2",-0.154424488142599,1.34410177306263,-0.367771360411997,0.718661232665281,0.942625174791337,-6.41854827318125,0.909649527279182
"ACVR1B",0.0747551113448077,3.7246587069008,0.365307885409234,0.720457713832461,0.943324374740646,-6.4194857831317,0.909649527279182
"CSNK1G3",0.128292881490925,4.79426996593625,0.360322277746518,0.724098700975234,0.944866446690429,-6.42136422293887,0.910944239692594
"PEAK1",-0.0925014331120222,4.36373047818124,-0.35866487782768,0.725310644629187,0.944879814214424,-6.42198307879798,0.910944239692594
"PASK",0.0902666060097759,3.40398823820906,0.354497808958219,0.728361115825236,0.946260488685058,-6.42352665190268,0.912368134560032
"PIM3",0.125861668254765,5.87068064175217,0.351536399336809,0.730531910695702,0.947133242252601,-6.42461286100554,0.912685536722189
"MAP4K3",0.127724116733051,3.9492357665104,0.345566178086737,0.734915539496661,0.948230091493386,-6.42677546379634,0.915758630367567
"TYK2",0.119545022149155,4.87986394635602,0.340665291377329,0.738521214446704,0.949219568637466,-6.42852352177465,0.915898818466892
"MTOR",0.111035399506976,5.47958368049527,0.340183047968898,0.738876357754804,0.949219568637466,-6.42869420330908,0.915898818466892
"LRRK2",0.380067291836322,-1.00089173283909,0.328603398643239,0.747422515946092,0.952739051513563,-6.43272121124306,0.924086019715168
"MAPKAPK2",0.0712528250502844,4.2656106007004,0.323425645170792,0.75125515323048,0.953548721331414,-6.43447746273708,0.92624730992961
"STK25",0.075312237864261,6.38845473045233,0.315715233688489,0.756975144040001,0.955251675255935,-6.43704186474698,0.92624730992961
"STYK1",0.0984354319139502,1.91846160018703,0.313538237361008,0.758592857388802,0.955335579787373,-6.43775487633404,0.92624730992961
"EPHB3",0.140036048690617,1.82544865940902,0.313315029834483,0.758758788241463,0.955451700803313,-6.43782770666642,0.92624730992961
"HCK",-0.187820818193724,-0.129740868969963,-0.313124943383212,0.7589001068751,0.955451700803313,-6.43788968963266,0.92624730992961
"NEK10",-0.179967571894859,0.641058622695347,-0.302828720694679,0.766568033367961,0.957903163411253,-6.44119164867182,0.931617041381873
"TRIM24",0.0491800739929333,3.94781521837537,0.30196287030857,0.767214034079189,0.958020688217902,-6.44146436102607,0.931617041381873
"RIOK1",0.0504204892082152,4.93705995514427,0.294931722827485,0.772466517014333,0.959078138248321,-6.44365039076781,0.935608300505909
"PTK2B",0.117935262836347,2.71053596121744,0.27730342771468,0.785685957903452,0.962396045501767,-6.44890750145109,0.949204355233612
"STK32C",0.07811373818152,3.59600694350893,0.265802274412156,0.794348173574128,0.964664143954608,-6.45216475237055,0.957239824357683
"KSR1",-0.251679147615688,0.234120884529207,-0.261788398428049,0.797377988950824,0.965870907740121,-6.45326939384686,0.958464451365132
"BTK",-0.229183080226793,-1.20960011099091,-0.25728504898447,0.800781322131701,0.966385520622182,-6.45448893535335,0.960130753991662
"CDC7",-0.0534155875362794,5.46531303323509,-0.251110892553729,0.805454174862693,0.968469026190825,-6.45612688349867,0.961118707484923
"TRIM28",0.0450641977478137,6.35194708035911,0.250860796055887,0.805643622450597,0.968469026190825,-6.45619240139296,0.961118707484923
"TAOK1",-0.0410493413841904,5.66201346835326,-0.243812480554005,0.810987883922348,0.970889493398249,-6.45801224955679,0.962697679069483
"EIF2AK1",0.0558814516986752,7.6679218401482,0.243574063693378,0.811168832516011,0.970910712740506,-6.45807290921984,0.962697679069483
"TTBK2",-0.0870198786915672,4.54028867505213,-0.241116605644529,0.813034594508261,0.971620722647502,-6.45869472445599,0.962697679069483
"NEK9",-0.0481742895835406,5.54061104421668,-0.235671184563646,0.817173084481475,0.9728354803556,-6.4600503142717,0.962824028994595
"EPHA1",-0.0767313191325188,-0.51158522942657,-0.235653175301598,0.817186780911379,0.9728354803556,-6.46005474657574,0.962824028994595
"MAPKAPK5",0.0814932393517527,6.23080886005407,0.23174440903171,0.820160943722962,0.973446760275109,-6.46100879304558,0.963242831867075
"MAPK7",-0.0470530084320693,5.89868917330805,-0.229868324229346,0.821589474239564,0.973700267654161,-6.46146108313889,0.963242831867075
"TBK1",-0.0492474754617369,5.15556204841014,-0.226243316844036,0.824351569907446,0.974195069665332,-6.46232467303466,0.964106504363499
"SRPK3",-0.150244211178885,0.277409815684882,-0.219024071517618,0.829859496838932,0.976489240231757,-6.46400393627064,0.965492901549256
"PDK2",-0.0309557803277301,5.94461195889464,-0.217146604909501,0.831293449677978,0.977279661627561,-6.46443179451352,0.965492901549256
"SRPK1",-0.0436879922232674,5.91312214402483,-0.216716502753067,0.831622037048729,0.977281014655261,-6.46452929612571,0.965492901549256
"IRAK4",-0.0694348693928362,3.88449291320003,-0.211477587378969,0.835627049119048,0.977783745175588,-6.46570151510468,0.965703909302279
"RPS6KA6",0.108228616406267,3.05935947480816,0.211171272327388,0.835861366875082,0.977838343508971,-6.46576917215448,0.965703909302279
"PRKCI",0.054800446029434,5.31768463323792,0.202412112975355,0.842568517314684,0.979796008072034,-6.46766261036589,0.969849256654711
"PRKY",0.204956197875186,1.07592659377313,0.201165212941716,0.843524353476997,0.980168649786925,-6.46792566785577,0.969849256654711
"MAP3K6",-0.0789296214948036,3.5402863200753,-0.197380826888439,0.846426914790863,0.980833759225758,-6.46871416242626,0.970615915764849
"RPS6KA4",-0.0492182323186823,5.00132829629362,-0.194980186537114,0.848269371760876,0.981242656530812,-6.46920662963104,0.970615915764849
"TIE1",-0.117129801460461,-0.0906242893772341,-0.189364311306757,0.852583061538903,0.981912401815656,-6.47033526221619,0.972702520018036
"MAPK6",-0.0589464500706303,5.45425580279187,-0.184897195186296,0.856017876032676,0.982545764314859,-6.47120959904608,0.972702520018036
"PTK7",0.0339892085668971,4.62584858552521,0.1846299812576,0.856223436738565,0.98255410194069,-6.47126124192722,0.972702520018036
"RPS6KA1",-0.0598793239201774,2.52724582097223,-0.178787854541407,0.860720319167377,0.983631047826042,-6.47237174077905,0.97473198988786
"CIT",-0.0753288974236672,3.21850333702132,-0.1769897583291,0.862105394417624,0.983631047826042,-6.47270638020709,0.97473198988786
"UHMK1",0.0259605687668776,7.07765707685445,0.174134815003196,0.864305527737748,0.984198779122003,-6.47323079004579,0.974903865410351
"STK4",0.0367022237571364,6.82095262561075,0.167988002164663,0.869046458799239,0.986146131074172,-6.47433104758836,0.977934076568411
"BLK",0.0965815058399178,-0.946185676141499,0.14950337302481,0.883334186695899,0.989279089515184,-6.47740243018579,0.98910685353601
"TLK2",0.0743854507072705,3.94397041369916,0.147810258371025,0.88464507746288,0.989279089515184,-6.47766593921551,0.98910685353601
"CDK4",0.019226058734783,7.46115671407921,0.144779796389765,0.886992281830646,0.989279089515184,-6.47813011790775,0.98910685353601
"TNK2",0.15252872290487,-1.00402300788575,0.144399349506052,0.887287030377891,0.989279089515184,-6.47818771412051,0.98910685353601
"CDK11B",-0.027249464227344,5.53195224677996,-0.135367397389746,0.894289467106959,0.991280450071195,-6.47951069421448,0.990295306176111
"TRIO",-0.0306515785119101,5.39309608264864,-0.135239671480157,0.894388559736149,0.991280450071195,-6.47952879240588,0.990295306176111
"PLK2",0.0203641966959074,7.85905829126626,0.13355899767339,0.895692634435255,0.991363066563564,-6.47976534921375,0.990295306176111
"BRD2",0.0165123614401006,7.02964580197699,0.12929220585229,0.899004739770176,0.992834779364954,-6.48035265163241,0.990295306176111
"RPS6KC1",-0.0218754300691195,5.51451811800334,-0.125639539607412,0.901841687452025,0.993662936069485,-6.48084031203926,0.990295306176111
"MKNK1",0.0283470251263873,4.82525886486462,0.122825113181498,0.904028546269214,0.994550348933623,-6.48120655095373,0.990295306176111
"TRIM66",-0.119070235069879,1.217049960222,-0.119465391133675,0.906640168930731,0.995265378396695,-6.48163290875299,0.990295306176111
"MAP3K4",-0.0409821765250964,3.70911478272911,-0.116983063132102,0.908570487912912,0.995569899939173,-6.48194034338668,0.990295306176111
"CAMK2B",-0.049444530948878,0.561357429533639,-0.111386394574326,0.912924779852453,0.997254082790587,-6.4826098501132,0.990295306176111
"MASTL",0.0340061310438275,3.22632107816374,0.111222176565847,0.913052588583665,0.997332646341158,-6.48262900022355,0.990295306176111
"KSR2",0.0865827256551337,3.08253913629415,0.111130792653488,0.913123712573118,0.99734928699151,-6.48263964464886,0.990295306176111
"PRKG2",0.0478856785363733,2.67048486550434,0.110418848557197,0.913677844275978,0.997540071142697,-6.48272227305303,0.990295306176111
"CDC42BPA",0.0227037177098044,6.4564336509903,0.106658481302715,0.916605441113821,0.997890182411723,-6.48314990773777,0.990295306176111
"MAP3K7",-0.0341876762864421,4.18546629317856,-0.103943344773873,0.918720069163506,0.998815622896476,-6.48344948197904,0.990295306176111
"AURKA",-0.0158599463802958,6.60307524655415,-0.0972125096378934,0.923964965624702,0.999938520954087,-6.48415886938272,0.990295306176111
"ITK",0.0551716758921215,1.55821843970404,0.0942534863349267,0.92627191729877,1,-6.48445573026886,0.990295306176111
"GRK6",0.040932626711113,3.97462475463949,0.0914567080812592,0.928453012061614,1,-6.48472789027253,0.990295306176111
"MAPK14",0.0253973245350636,4.65725113034038,0.0893633941405183,0.930085895823304,1,-6.48492623750242,0.990295306176111
"TAF1L",0.0477193300931391,-1.52508846821693,0.0856058836770615,0.933017748194268,1,-6.48527076495867,0.990295306176111
"MAP3K10",-0.0319840460129426,1.18639993861244,-0.0832416284511018,0.934863014082048,1,-6.48547996799098,0.990295306176111
"STK24",0.0215933642360011,3.6641512981666,0.0822944758043721,0.935602362464346,1,-6.48556213560255,0.990295306176111
"PRPF4B",0.0116162977958796,5.81670767811592,0.0797627234405299,0.937578952576309,1,-6.48577715948183,0.990295306176111
"MAST2",0.0511403939732831,3.72068718222802,0.0777351313908744,0.939162243942725,1,-6.48594452430351,0.990295306176111
"MELK",0.0121538777725156,5.43815082925944,0.0750173275152864,0.941284921522615,1,-6.48616210841353,0.990295306176111
"CDK3",-0.0230483664261898,1.85400510203529,-0.0744606505320525,0.941719758973856,1,-6.48620572075499,0.990295306176111
"ICK",0.0992937583317672,0.832082262783787,0.0717528048917098,0.943835213278898,1,-6.48641323500701,0.990295306176111
"CAMKK2",-0.015523247266187,5.30499391920224,-0.0708695255998243,0.944525355050324,1,-6.48647926339813,0.990295306176111
"NEK2",-0.0100300468379393,4.72172680192007,-0.0613196659549597,0.951989884852286,1,-6.48714096252482,0.995927879537776
"BMP2K",0.0128960429319367,5.00126264140211,0.0502732645484055,0.960629970988081,1,-6.48778716043116,0.999999999999999
"MKNK2",0.0125208515808009,4.08193175892247,0.0431942858453738,0.966169664025995,1,-6.48813403319295,0.999999999999999
"PKMYT1",-0.0112405470234727,4.37232095306061,-0.0374796488049562,0.970643023886139,1,-6.48837573439521,0.999999999999999
"MAP3K14",0.0102761863663852,4.03696765446694,0.035471458410552,0.972215267080931,1,-6.48845254187862,0.999999999999999
"MAP3K9",-0.0134327915460166,1.30584830968167,-0.0254600259020657,0.980055029873488,1,-6.4887723702607,0.999999999999999
"PSKH1",0.0075903897274312,4.71449350822734,0.0246292069023892,0.980705736393535,1,-6.48879418953874,0.999999999999999
"FGFR3",-0.00922745865625374,-1.92184693454582,-0.0227032398707728,0.982214228950855,1,-6.48884198641695,0.999999999999999
"RAF1",-0.00442812568062312,5.56998092851592,-0.0209569066575419,0.98358208662929,1,-6.48888196309876,0.999999999999999
"FGFR4",-0.00722840047221762,2.28343478612318,-0.0169553590685682,0.986716590736018,1,-6.48896150681185,0.999999999999999
"MAPK8",-0.00432735913015669,4.23365147857334,-0.0167862803376289,0.986849039391234,1,-6.48896449808342,0.999999999999999
"SCYL2",0.00206916327874307,5.65453506821504,0.00919800377440037,0.992793707241009,1,-6.48906788316598,0.999999999999999
"MERTK",0.00380891670957961,1.29835564683961,0.00851360454704674,0.993329894040504,1,-6.48907423903404,0.999999999999999
"STK16",0.00129930752313978,5.64743636114424,0.0078863630509776,0.993821304048237,1,-6.48907963271803,0.999999999999999
"RIOK3",0.00121028529028067,5.81468942368488,0.00748534459012553,0.994135481843713,1,-6.48908286489011,0.999999999999999
"EPHB2",-0.0037899342384502,-1.54433649360792,-0.00600028914741516,0.995298956481239,1,-6.48909336569152,0.999999999999999
"MYO3A",-4.44089209850063e-16,-2.30037224496769,-5.76856271398465e-15,0.999999999999996,1,-6.4891122435916,0.999999999999999
"GUCY2D",-4.44089209850063e-16,-2.25992859116926,-2.92107716911348e-15,0.999999999999998,1,-6.4891122435916,0.999999999999999
"NPR1",-4.44089209850063e-16,-2.24274357271503,-2.19799689237633e-15,0.999999999999998,1,-6.4891122435916,0.999999999999999
"NTRK1",-4.44089209850063e-16,-2.1613372666355,-1.47376636831712e-15,0.999999999999999,1,-6.4891122435916,0.999999999999999
"ZAP70",-4.44089209850063e-16,-2.02022595796646,-1.30650434584257e-15,0.999999999999999,1,-6.4891122435916,0.999999999999999
"MST1R",-4.44089209850063e-16,-2.039448058014,-7.76093502902955e-16,0.999999999999999,1,-6.4891122435916,0.999999999999999
